Date,Open,High,Low,Close,Volume,Average,BarCount,Orders,HoldingGrossReturn,60PeriodSMA
20230718  06:30:00,100.92,100.95,100.58,100.58,2717,100.684,274,,1.0,
20230718  06:31:00,100.58,100.62,100.42,100.54,1009,100.521,611,,0.99838107,
20230718  06:32:00,100.54,100.54,100.35,100.44,723,100.435,463,,0.99752692,
20230718  06:33:00,100.44,100.49,100.34,100.39,492,100.427,324,,0.99744746,
20230718  06:34:00,100.4,100.58,100.38,100.44,798,100.46,480,,0.99777522,
20230718  06:35:00,100.45,100.65,100.44,100.65,780,100.533,422,,0.99850026,
20230718  06:36:00,100.65,100.65,100.41,100.51,687,100.505,494,,0.99822216,
20230718  06:37:00,100.5,100.81,100.5,100.81,532,100.679,348,,0.99995034,
20230718  06:38:00,100.81,100.94,100.74,100.8,993,100.838,664,,1.00152954,
20230718  06:39:00,100.8,100.95,100.79,100.81,830,100.869,533,,1.00183743,
20230718  06:40:00,100.81,100.92,100.78,100.9,493,100.843,300,,1.0015792,
20230718  06:41:00,100.89,101.07,100.88,101.04,998,100.96,649,,1.00274125,
20230718  06:42:00,101.04,101.23,101.04,101.21,769,101.128,474,,1.00440984,
20230718  06:43:00,101.21,101.43,101.18,101.37,672,101.291,357,,1.00602876,
20230718  06:44:00,101.37,101.49,101.23,101.27,705,101.39,376,,1.00701204,
20230718  06:45:00,101.27,101.59,101.27,101.53,529,101.509,275,,1.00819395,
20230718  06:46:00,101.51,101.54,101.42,101.44,365,101.473,222,,1.0078364,
20230718  06:47:00,101.45,101.5,101.3,101.34,380,101.398,271,,1.00709149,
20230718  06:48:00,101.35,101.5,101.32,101.5,396,101.402,210,,1.00713122,
20230718  06:49:00,101.5,101.6,101.45,101.52,368,101.523,213,,1.008333,
20230718  06:50:00,101.52,101.61,101.45,101.47,415,101.55,230,,1.00860117,
20230718  06:51:00,101.48,101.61,101.48,101.57,415,101.541,246,,1.00851178,
20230718  06:52:00,101.58,101.78,101.56,101.57,549,101.663,319,,1.00972349,
20230718  06:53:00,101.57,101.61,101.52,101.57,814,101.576,403,,1.0088594,
20230718  06:54:00,101.57,101.64,101.45,101.45,379,101.549,237,,1.00859124,
20230718  06:55:00,101.44,101.55,101.43,101.53,263,101.506,163,,1.00816416,
20230718  06:56:00,101.53,101.59,101.51,101.58,409,101.552,251,,1.00862103,
20230718  06:57:00,101.58,101.7,101.57,101.62,635,101.629,356,,1.0093858,
20230718  06:58:00,101.63,101.8,101.61,101.8,724,101.713,361,,1.01022009,
20230718  06:59:00,101.8,101.81,101.67,101.68,462,101.738,230,,1.0104684,
20230718  07:00:00,101.7,101.85,101.68,101.83,409,101.752,213,,1.01060745,
20230718  07:01:00,101.83,101.86,101.67,101.69,415,101.781,222,,1.01089547,
20230718  07:02:00,101.68,101.73,101.66,101.69,269,101.697,146,,1.01006118,
20230718  07:03:00,101.68,101.83,101.68,101.81,404,101.769,157,,1.01077629,
20230718  07:04:00,101.81,101.92,101.76,101.91,378,101.846,162,,1.01154106,
20230718  07:05:00,101.91,101.94,101.84,101.88,308,101.893,180,,1.01200787,
20230718  07:06:00,101.88,101.96,101.83,101.96,246,101.903,168,,1.01210719,
20230718  07:07:00,101.95,102.01,101.93,101.99,609,101.982,232,,1.01289182,
20230718  07:08:00,101.99,102.02,101.92,101.99,277,101.971,164,,1.01278257,
20230718  07:09:00,101.98,102.03,101.96,101.99,317,102.005,125,,1.01312026,
20230718  07:10:00,101.98,102.04,101.97,101.99,262,102.01,132,,1.01316992,
20230718  07:11:00,101.99,102.0,101.91,101.93,266,101.945,160,,1.01252433,
20230718  07:12:00,101.93,101.93,101.86,101.87,180,101.894,123,,1.0120178,
20230718  07:13:00,101.88,101.98,101.86,101.95,592,101.921,212,,1.01228596,
20230718  07:14:00,101.96,101.97,101.87,101.89,332,101.904,212,,1.01211712,
20230718  07:15:00,101.88,101.91,101.68,101.7,427,101.779,248,,1.01087561,
20230718  07:16:00,101.7,101.76,101.67,101.72,274,101.714,165,,1.01023003,
20230718  07:17:00,101.72,101.72,101.57,101.59,259,101.64,131,,1.00949505,
20230718  07:18:00,101.6,101.63,101.5,101.59,243,101.562,144,,1.00872035,
20230718  07:19:00,101.59,101.67,101.58,101.66,196,101.622,109,,1.00931628,
20230718  07:20:00,101.66,101.68,101.61,101.64,225,101.65,164,,1.00959437,
20230718  07:21:00,101.63,101.73,101.59,101.72,254,101.646,169,,1.00955465,
20230718  07:22:00,101.72,101.75,101.66,101.72,192,101.716,120,,1.01024989,
20230718  07:23:00,101.73,101.75,101.67,101.7,246,101.703,115,,1.01012077,
20230718  07:24:00,101.71,101.75,101.66,101.68,225,101.701,104,,1.01010091,
20230718  07:25:00,101.68,101.71,101.59,101.65,268,101.638,131,,1.00947519,
20230718  07:26:00,101.64,101.69,101.62,101.69,296,101.663,178,,1.00972349,
20230718  07:27:00,101.67,101.78,101.64,101.71,360,101.725,208,,1.01033928,
20230718  07:28:00,101.71,101.72,101.63,101.67,195,101.682,163,,1.0099122,
20230718  07:29:00,101.66,101.73,101.65,101.72,199,101.681,102,,1.00990227,
20230718  07:30:00,101.72,101.78,101.67,101.68,346,101.728,221,,1.01036908,
20230718  07:31:00,101.67,101.7,101.61,101.68,151,101.651,91,,1.00960431,
20230718  07:32:00,101.66,101.72,101.64,101.71,253,101.678,171,,1.00987247,
20230718  07:33:00,101.69,101.71,101.62,101.7,237,101.665,144,,1.00974336,
20230718  07:34:00,101.7,101.71,101.63,101.7,211,101.665,126,,1.00974336,
20230718  07:35:00,101.72,101.74,101.65,101.72,222,101.688,131,,1.00997179,
20230718  07:36:00,101.73,101.84,101.73,101.84,251,101.765,154,,1.01073656,
20230718  07:37:00,101.85,101.93,101.82,101.93,448,101.865,191,,1.01172977,
20230718  07:38:00,101.94,102.05,101.94,102.02,488,102.001,230,,1.01308053,
20230718  07:39:00,102.01,102.04,101.96,102.04,309,101.998,181,,1.01305073,
20230718  07:40:00,102.04,102.07,101.98,102.0,365,102.024,170,,1.01330897,
20230718  07:41:00,102.0,102.04,101.98,102.01,378,102.008,221,,1.01315005,
20230718  07:42:00,102.01,102.02,101.92,101.94,359,101.976,255,,1.01283223,
20230718  07:43:00,101.93,101.97,101.91,101.91,298,101.93,143,,1.01237535,
20230718  07:44:00,101.91,102.0,101.89,101.92,181,101.947,138,,1.0125442,
20230718  07:45:00,101.92,101.92,101.84,101.88,330,101.874,163,,1.01181916,
20230718  07:46:00,101.88,101.98,101.88,101.95,411,101.941,237,,1.01248461,
20230718  07:47:00,101.96,101.96,101.85,101.93,277,101.915,179,,1.01222637,
20230718  07:48:00,101.93,101.93,101.82,101.87,266,101.861,168,,1.01169004,
20230718  07:49:00,101.86,101.9,101.84,101.89,144,101.87,95,,1.01177943,
20230718  07:50:00,101.89,101.92,101.87,101.89,203,101.892,115,,1.01199793,
20230718  07:51:00,101.89,101.92,101.88,101.9,158,101.897,87,,1.01204759,
20230718  07:52:00,101.91,101.93,101.88,101.92,468,101.912,149,,1.01219658,
20230718  07:53:00,101.92,101.96,101.89,101.9,370,101.913,258,,1.01220651,
20230718  07:54:00,101.9,101.92,101.85,101.86,354,101.885,178,,1.01192841,
20230718  07:55:00,101.86,101.89,101.76,101.76,278,101.824,139,,1.01132255,
20230718  07:56:00,101.75,101.8,101.73,101.75,287,101.762,179,,1.01070677,
20230718  07:57:00,101.75,101.8,101.73,101.8,294,101.764,206,,1.01072663,
20230718  07:58:00,101.81,101.83,101.78,101.83,288,101.804,205,,1.01112391,
20230718  07:59:00,101.83,101.89,101.79,101.89,208,101.831,112,,1.01139208,
20230718  08:00:00,101.9,101.92,101.84,101.85,314,101.881,240,,1.01188868,
20230718  08:01:00,101.85,101.9,101.85,101.88,184,101.873,141,,1.01180922,
20230718  08:02:00,101.88,101.91,101.79,101.79,255,101.857,163,,1.01165031,
20230718  08:03:00,101.79,101.83,101.74,101.82,199,101.786,133,,1.01094514,
20230718  08:04:00,101.83,101.83,101.78,101.82,173,101.797,74,,1.01105439,
20230718  08:05:00,101.82,101.83,101.77,101.79,179,101.8,141,,1.01108418,
20230718  08:06:00,101.8,101.85,101.76,101.84,219,101.806,128,,1.01114378,
20230718  08:07:00,101.84,101.86,101.82,101.83,199,101.842,131,,1.01150133,
20230718  08:08:00,101.83,101.84,101.78,101.81,369,101.814,209,,1.01122323,
20230718  08:09:00,101.81,101.84,101.76,101.76,232,101.802,156,,1.01110405,
20230718  08:10:00,101.77,101.81,101.77,101.8,300,101.791,124,,1.0109948,
20230718  08:11:00,101.8,101.87,101.77,101.87,232,101.817,141,,1.01125303,
20230718  08:12:00,101.88,101.92,101.87,101.92,237,101.9,137,,1.01207739,
20230718  08:13:00,101.92,101.98,101.9,101.96,181,101.931,133,,1.01238528,
20230718  08:14:00,101.97,101.99,101.94,101.95,226,101.961,125,,1.01268325,
20230718  08:15:00,101.95,102.06,101.94,102.01,779,102.0,480,,1.0130706,
20230718  08:16:00,102.01,102.07,101.99,102.06,386,102.022,263,,1.0132891,
20230718  08:17:00,102.05,102.2,102.05,102.17,810,102.126,506,,1.01432204,
20230718  08:18:00,102.17,102.19,102.05,102.09,302,102.129,239,,1.01435183,
20230718  08:19:00,102.09,102.1,102.03,102.08,197,102.069,148,,1.01375591,
20230718  08:20:00,102.09,102.12,102.01,102.04,179,102.059,132,,1.01365659,
20230718  08:21:00,102.05,102.05,102.01,102.02,103,102.038,81,,1.01344802,
20230718  08:22:00,102.02,102.02,101.96,101.98,167,101.985,102,,1.01292162,
20230718  08:23:00,101.98,101.98,101.94,101.96,89,101.963,64,,1.01270311,
20230718  08:24:00,101.97,102.02,101.95,102.02,240,101.987,137,,1.01294148,
20230718  08:25:00,102.02,102.04,101.98,102.04,158,102.006,104,,1.01313019,
20230718  08:26:00,102.04,102.11,102.03,102.1,173,102.066,126,,1.01372611,
20230718  08:27:00,102.11,102.13,102.09,102.11,274,102.108,131,,1.01414326,
20230718  08:28:00,102.12,102.16,102.09,102.11,512,102.131,246,,1.0143717,
20230718  08:29:00,102.1,102.15,102.08,102.13,347,102.116,202,,1.01422272,
20230718  08:30:00,102.14,102.15,102.09,102.1,420,102.109,258,,1.01415319,
20230718  08:31:00,102.1,102.11,102.04,102.05,291,102.073,178,,1.01379564,
20230718  08:32:00,102.05,102.11,102.05,102.08,311,102.079,212,,1.01385523,
20230718  08:33:00,102.09,102.1,102.02,102.07,325,102.058,176,,1.01364666,
20230718  08:34:00,102.06,102.06,101.97,102.0,278,102.013,156,,1.01319971,
20230718  08:35:00,102.01,102.04,101.97,101.98,235,102.013,157,,1.01319971,
20230718  08:36:00,101.97,101.97,101.88,101.95,208,101.919,138,,1.0122661,
20230718  08:37:00,101.96,101.96,101.9,101.91,150,101.923,106,,1.01230583,
20230718  08:38:00,101.91,101.99,101.9,101.98,168,101.949,89,,1.01256406,
20230718  08:39:00,101.98,101.98,101.94,101.96,299,101.958,141,,1.01265345,
20230718  08:40:00,101.95,101.97,101.92,101.93,240,101.942,135,,1.01249454,
20230718  08:41:00,101.93,101.98,101.91,101.97,171,101.942,123,,1.01249454,
20230718  08:42:00,101.97,101.98,101.91,101.96,301,101.95,194,,1.01257399,
20230718  08:43:00,101.96,101.97,101.9,101.92,312,101.944,172,,1.0125144,
20230718  08:44:00,101.92,101.95,101.91,101.94,197,101.927,130,,1.01234556,
20230718  08:45:00,101.93,101.93,101.85,101.9,514,101.896,241,,1.01203766,
20230718  08:46:00,101.9,101.92,101.88,101.89,179,101.906,120,,1.01213698,
20230718  08:47:00,101.89,101.91,101.86,101.9,287,101.894,139,,1.0120178,
20230718  08:48:00,101.89,101.91,101.86,101.87,190,101.893,120,,1.01200787,
20230718  08:49:00,101.87,101.91,101.85,101.88,266,101.874,116,,1.01181916,
20230718  08:50:00,101.89,101.9,101.84,101.88,224,101.87,136,,1.01177943,
20230718  08:51:00,101.87,101.87,101.74,101.75,723,101.773,497,,1.01081602,
20230718  08:52:00,101.75,101.8,101.66,101.68,482,101.723,220,,1.01031942,
20230718  08:53:00,101.68,101.68,101.58,101.64,316,101.633,164,,1.00942553,
20230718  08:54:00,101.65,101.7,101.64,101.68,291,101.668,166,,1.00977315,
20230718  08:55:00,101.67,101.68,101.62,101.65,218,101.657,140,,1.0096639,
20230718  08:56:00,101.65,101.68,101.64,101.66,172,101.664,102,,1.00973342,
20230718  08:57:00,101.66,101.67,101.57,101.63,268,101.623,156,,1.00932621,
20230718  08:58:00,101.62,101.71,101.62,101.67,281,101.672,117,,1.00981288,
20230718  08:59:00,101.67,101.7,101.64,101.66,386,101.671,164,,1.00980295,
20230718  09:00:00,101.66,101.69,101.61,101.64,346,101.665,205,,1.00974336,
20230718  09:01:00,101.64,101.65,101.57,101.58,268,101.597,160,,1.00906798,
20230718  09:02:00,101.58,101.58,101.5,101.51,454,101.535,255,,1.00845219,
20230718  09:03:00,101.51,101.62,101.5,101.58,353,101.561,161,,1.00871042,
20230718  09:04:00,101.58,101.58,101.49,101.5,239,101.529,160,,1.00839259,
20230718  09:05:00,101.52,101.52,101.38,101.39,543,101.449,282,,1.00759803,
20230718  09:06:00,101.38,101.41,101.35,101.38,450,101.381,226,,1.00692265,
20230718  09:07:00,101.37,101.37,101.26,101.32,477,101.309,236,,1.00620754,
20230718  09:08:00,101.32,101.33,101.27,101.31,751,101.304,302,,1.00615788,
20230718  09:09:00,101.31,101.44,101.3,101.41,439,101.391,263,,1.00702197,
20230718  09:10:00,101.41,101.42,101.34,101.4,213,101.38,101,,1.00691272,
20230718  09:11:00,101.39,101.46,101.39,101.45,212,101.429,118,,1.00739939,
20230718  09:12:00,101.45,101.5,101.45,101.5,359,101.48,167,,1.00790592,
20230718  09:13:00,101.5,101.54,101.47,101.52,520,101.502,202,,1.00812443,
20230718  09:14:00,101.51,101.55,101.48,101.54,266,101.514,193,,1.00824361,
20230718  09:15:00,101.53,101.58,101.5,101.55,322,101.548,180,,1.0085813,
20230718  09:16:00,101.56,101.59,101.45,101.51,433,101.516,215,,1.00826348,
20230718  09:17:00,101.51,101.51,101.44,101.46,239,101.467,143,,1.00777681,
20230718  09:18:00,101.47,101.53,101.47,101.52,254,101.5,145,,1.00810456,
20230718  09:19:00,101.51,101.53,101.45,101.46,298,101.489,189,,1.00799531,
20230718  09:20:00,101.45,101.56,101.42,101.52,341,101.47,183,,1.0078066,
20230718  09:21:00,101.53,101.53,101.49,101.51,260,101.503,132,,1.00813436,
20230718  09:22:00,101.52,101.55,101.48,101.54,397,101.514,255,,1.00824361,
20230718  09:23:00,101.55,101.61,101.54,101.6,534,101.581,260,,1.00890906,
20230718  09:24:00,101.59,101.59,101.47,101.48,323,101.535,209,,1.00845219,
20230718  09:25:00,101.48,101.5,101.46,101.49,273,101.485,164,,1.00795558,
20230718  09:26:00,101.5,101.51,101.46,101.51,104,101.491,71,,1.00801518,
20230718  09:27:00,101.52,101.55,101.47,101.48,307,101.509,169,,1.00819395,
20230718  09:28:00,101.48,101.51,101.46,101.48,458,101.486,259,,1.00796552,
20230718  09:29:00,101.47,101.5,101.44,101.48,284,101.473,145,,1.0078364,
20230718  09:30:00,101.47,101.47,101.4,101.44,473,101.432,247,,1.00742918,
20230718  09:31:00,101.42,101.42,101.37,101.42,334,101.394,183,,1.00705177,
20230718  09:32:00,101.41,101.42,101.35,101.37,363,101.385,211,,1.00696238,
20230718  09:33:00,101.37,101.42,101.35,101.42,269,101.378,118,,1.00689285,
20230718  09:34:00,101.41,101.41,101.32,101.36,203,101.36,121,,1.00671408,
20230718  09:35:00,101.35,101.37,101.3,101.32,132,101.33,76,,1.00641611,
20230718  09:36:00,101.32,101.37,101.32,101.35,174,101.339,116,,1.0065055,
20230718  09:37:00,101.34,101.41,101.32,101.39,398,101.353,247,,1.00664455,
20230718  09:38:00,101.39,101.41,101.36,101.41,241,101.392,152,,1.0070319,
20230718  09:39:00,101.41,101.48,101.39,101.48,476,101.435,263,,1.00745898,
20230718  09:40:00,101.48,101.51,101.45,101.45,346,101.484,165,,1.00794565,
20230718  09:41:00,101.45,101.45,101.38,101.4,330,101.404,142,,1.00715109,
20230718  09:42:00,101.41,101.47,101.39,101.4,280,101.435,159,,1.00745898,
20230718  09:43:00,101.39,101.43,101.36,101.36,221,101.401,117,,1.00712129,
20230718  09:44:00,101.36,101.41,101.35,101.37,335,101.377,163,,1.00688292,
20230718  09:45:00,101.37,101.41,101.34,101.34,561,101.37,184,,1.0068134,
20230718  09:46:00,101.33,101.37,101.31,101.36,243,101.337,143,,1.00648564,
20230718  09:47:00,101.37,101.42,101.36,101.42,245,101.401,173,,1.00712129,
20230718  09:48:00,101.42,101.44,101.4,101.41,158,101.421,95,,1.00731993,
20230718  09:49:00,101.41,101.44,101.37,101.38,351,101.399,173,,1.00710143,
20230718  09:50:00,101.38,101.38,101.34,101.35,261,101.355,108,,1.00666442,
20230718  09:51:00,101.34,101.38,101.3,101.3,202,101.339,104,,1.0065055,
20230718  09:52:00,101.31,101.33,101.25,101.27,714,101.269,230,,1.00581026,
20230718  09:53:00,101.27,101.33,101.25,101.3,360,101.292,271,,1.0060387,
20230718  09:54:00,101.3,101.31,101.27,101.3,312,101.291,174,,1.00602876,
20230718  09:55:00,101.31,101.36,101.25,101.26,535,101.283,324,,1.00594931,
20230718  09:56:00,101.25,101.27,101.22,101.26,638,101.246,378,,1.00558182,
20230718  09:57:00,101.25,101.26,101.21,101.26,348,101.229,193,,1.00541298,
20230718  09:58:00,101.26,101.26,101.2,101.2,285,101.229,128,,1.00541298,
20230718  09:59:00,101.2,101.23,101.15,101.18,389,101.187,214,,1.00499583,
20230718  10:00:00,101.18,101.21,101.07,101.13,743,101.125,434,,1.00438004,
20230718  10:01:00,101.13,101.16,101.1,101.14,281,101.129,170,,1.00441977,
20230718  10:02:00,101.14,101.18,101.12,101.18,195,101.143,121,,1.00455882,
20230718  10:03:00,101.19,101.2,101.08,101.11,294,101.129,171,,1.00441977,
20230718  10:04:00,101.11,101.18,101.08,101.17,405,101.123,141,,1.00436018,
20230718  10:05:00,101.17,101.27,101.17,101.25,393,101.232,183,,1.00544277,
20230718  10:06:00,101.26,101.33,101.25,101.32,355,101.306,183,,1.00617774,
20230718  10:07:00,101.32,101.37,101.3,101.32,269,101.326,149,,1.00637639,
20230718  10:08:00,101.32,101.36,101.31,101.31,306,101.336,106,,1.00647571,
20230718  10:09:00,101.31,101.32,101.28,101.31,222,101.3,102,,1.00611815,
20230718  10:10:00,101.31,101.42,101.31,101.41,398,101.379,207,,1.00690278,
20230718  10:11:00,101.4,101.4,101.36,101.37,121,101.378,82,,1.00689285,
20230718  10:12:00,101.37,101.39,101.35,101.36,137,101.37,92,,1.0068134,
20230718  10:13:00,101.36,101.41,101.35,101.41,209,101.368,143,,1.00679353,
20230718  10:14:00,101.41,101.42,101.35,101.39,308,101.39,122,,1.00701204,
20230718  10:15:00,101.39,101.44,101.36,101.37,255,101.402,137,,1.00713122,
20230718  10:16:00,101.36,101.36,101.27,101.27,194,101.321,71,,1.00632673,
20230718  10:17:00,101.28,101.32,101.26,101.27,160,101.288,109,,1.00599897,
20230718  10:18:00,101.27,101.31,101.25,101.26,120,101.283,75,,1.00594931,
20230718  10:19:00,101.25,101.31,101.25,101.28,185,101.288,105,,1.00599897,
20230718  10:20:00,101.29,101.3,101.26,101.27,189,101.278,81,,1.00589965,
20230718  10:21:00,101.27,101.29,101.15,101.24,1614,101.205,1052,,1.00517461,
20230718  10:22:00,101.23,101.33,101.21,101.32,136,101.249,59,,1.00561162,
20230718  10:23:00,101.31,101.36,101.31,101.36,115,101.341,72,,1.00652537,
20230718  10:24:00,101.36,101.36,101.3,101.31,170,101.321,103,,1.00632673,
20230718  10:25:00,101.31,101.34,101.3,101.31,163,101.321,76,,1.00632673,
20230718  10:26:00,101.3,101.31,101.26,101.26,319,101.29,192,,1.00601883,
20230718  10:27:00,101.26,101.28,101.22,101.28,293,101.248,180,,1.00560168,
20230718  10:28:00,101.28,101.29,101.22,101.29,223,101.252,149,,1.00564141,
20230718  10:29:00,101.3,101.35,101.3,101.31,130,101.321,85,,1.00632673,
20230718  10:30:00,101.31,101.34,101.29,101.3,117,101.317,74,,1.006287,
20230718  10:31:00,101.31,101.4,101.31,101.39,258,101.369,97,,1.00680346,
20230718  10:32:00,101.39,101.4,101.37,101.39,115,101.386,81,,1.00697231,
20230718  10:33:00,101.38,101.38,101.36,101.38,66,101.372,36,,1.00683326,
20230718  10:34:00,101.37,101.38,101.32,101.34,296,101.347,158,,1.00658496,
20230718  10:35:00,101.33,101.38,101.28,101.36,321,101.324,223,,1.00635652,
20230718  10:36:00,101.36,101.42,101.35,101.41,313,101.395,210,,1.0070617,
20230718  10:37:00,101.42,101.44,101.4,101.41,217,101.415,120,,1.00726034,
20230718  10:38:00,101.41,101.44,101.39,101.44,447,101.417,118,,1.0072802,
20230718  10:39:00,101.44,101.45,101.35,101.37,264,101.413,180,,1.00724048,
20230718  10:40:00,101.37,101.44,101.36,101.44,191,101.407,113,,1.00718088,
20230718  10:41:00,101.44,101.44,101.39,101.41,226,101.414,167,,1.00725041,
20230718  10:42:00,101.41,101.44,101.38,101.42,271,101.4,112,,1.00711136,
20230718  10:43:00,101.41,101.41,101.34,101.34,354,101.37,182,,1.0068134,
20230718  10:44:00,101.33,101.36,101.29,101.36,300,101.306,144,,1.00617774,
20230718  10:45:00,101.37,101.44,101.35,101.43,240,101.402,160,,1.00713122,
20230718  10:46:00,101.43,101.44,101.36,101.37,210,101.4,137,,1.00711136,
20230718  10:47:00,101.37,101.41,101.34,101.41,170,101.373,109,,1.00684319,
20230718  10:48:00,101.41,101.42,101.37,101.39,194,101.394,110,,1.00705177,
20230718  10:49:00,101.4,101.43,101.39,101.43,138,101.411,79,,1.00722061,
20230718  10:50:00,101.43,101.48,101.41,101.47,390,101.445,207,,1.0075583,
20230718  10:51:00,101.47,101.52,101.45,101.49,385,101.491,171,,1.00801518,
20230718  10:52:00,101.49,101.5,101.46,101.46,311,101.479,170,,1.00789599,
20230718  10:53:00,101.45,101.46,101.43,101.45,233,101.447,138,,1.00757817,
20230718  10:54:00,101.45,101.52,101.44,101.46,259,101.485,130,,1.00795558,
20230718  10:55:00,101.47,101.48,101.43,101.45,283,101.454,171,,1.00764769,
20230718  10:56:00,101.45,101.47,101.38,101.4,402,101.425,234,,1.00735966,
20230718  10:57:00,101.4,101.4,101.36,101.37,485,101.378,168,,1.00689285,
20230718  10:58:00,101.37,101.4,101.34,101.37,313,101.365,197,,1.00676374,
20230718  10:59:00,101.37,101.38,101.31,101.31,205,101.34,116,,1.00651543,
20230718  11:00:00,101.31,101.38,101.31,101.37,220,101.347,139,,1.00658496,
20230718  11:01:00,101.37,101.42,101.36,101.39,352,101.384,189,,1.00695245,
20230718  11:02:00,101.38,101.47,101.37,101.46,856,101.431,626,,1.00741925,
20230718  11:03:00,101.46,101.48,101.4,101.43,715,101.429,222,,1.00739939,
20230718  11:04:00,101.43,101.43,101.36,101.4,183,101.394,126,,1.00705177,
20230718  11:05:00,101.4,101.4,101.31,101.35,482,101.352,329,,1.00663462,
20230718  11:06:00,101.34,101.38,101.31,101.32,249,101.344,145,,1.00655516,
20230718  11:07:00,101.32,101.34,101.25,101.28,286,101.291,152,,1.00602876,
20230718  11:08:00,101.28,101.33,101.28,101.32,198,101.313,135,,1.00624727,
20230718  11:09:00,101.31,101.32,101.27,101.29,138,101.3,92,,1.00611815,
20230718  11:10:00,101.3,101.31,101.26,101.27,138,101.287,73,,1.00598904,
20230718  11:11:00,101.27,101.29,101.26,101.27,139,101.273,81,,1.00584999,
20230718  11:12:00,101.27,101.27,101.18,101.2,447,101.228,183,,1.00540304,
20230718  11:13:00,101.19,101.21,101.15,101.16,161,101.176,100,,1.00488658,
20230718  11:14:00,101.17,101.25,101.16,101.21,288,101.201,179,,1.00513488,
20230718  11:15:00,101.21,101.23,101.2,101.22,73,101.215,56,,1.00527393,
20230718  11:16:00,101.23,101.24,101.18,101.19,259,101.211,165,,1.0052342,
20230718  11:17:00,101.19,101.2,101.17,101.19,252,101.188,153,,1.00500576,
20230718  11:18:00,101.19,101.26,101.18,101.26,555,101.215,247,,1.00527393,
20230718  11:19:00,101.25,101.3,101.21,101.23,275,101.256,143,,1.00568114,
20230718  11:20:00,101.23,101.28,101.2,101.28,190,101.228,118,,1.00540304,
20230718  11:21:00,101.28,101.29,101.19,101.22,433,101.229,246,,1.00541298,
20230718  11:22:00,101.22,101.24,101.19,101.2,297,101.215,196,,1.00527393,
20230718  11:23:00,101.21,101.27,101.18,101.26,225,101.217,103,,1.00529379,
20230718  11:24:00,101.26,101.3,101.26,101.29,222,101.281,138,,1.00592944,
20230718  11:25:00,101.29,101.32,101.23,101.3,437,101.267,233,,1.00579039,
20230718  11:26:00,101.31,101.34,101.25,101.25,280,101.3,157,,1.00611815,
20230718  11:27:00,101.24,101.28,101.22,101.24,192,101.243,121,,1.00555202,
20230718  11:28:00,101.25,101.27,101.21,101.24,158,101.236,108,,1.0054825,
20230718  11:29:00,101.25,101.27,101.18,101.18,203,101.23,124,,1.00542291,
20230718  11:30:00,101.18,101.22,101.18,101.2,187,101.197,119,,1.00509515,
20230718  11:31:00,101.2,101.24,101.2,101.22,189,101.218,108,,1.00530372,
20230718  11:32:00,101.22,101.26,101.2,101.26,286,101.231,99,,1.00543284,
20230718  11:33:00,101.26,101.29,101.23,101.28,118,101.255,78,,1.00567121,
20230718  11:34:00,101.28,101.28,101.18,101.19,290,101.227,194,,1.00539311,
20230718  11:35:00,101.19,101.19,101.09,101.15,253,101.136,169,,1.00448929,
20230718  11:36:00,101.15,101.15,101.08,101.11,279,101.113,174,,1.00426086,
20230718  11:37:00,101.11,101.15,101.09,101.1,183,101.12,107,,1.00433038,
20230718  11:38:00,101.09,101.1,101.04,101.04,189,101.061,101,,1.00374439,
20230718  11:39:00,101.04,101.09,101.03,101.03,200,101.05,117,,1.00363514,
20230718  11:40:00,101.03,101.06,101.02,101.05,178,101.038,107,,1.00351595,
20230718  11:41:00,101.05,101.07,101.03,101.04,236,101.046,150,,1.00359541,
20230718  11:42:00,101.04,101.08,101.01,101.06,344,101.04,190,,1.00353582,
20230718  11:43:00,101.06,101.12,101.05,101.09,286,101.096,115,,1.00409201,
20230718  11:44:00,101.1,101.13,101.1,101.11,154,101.111,105,,1.00424099,
20230718  11:45:00,101.11,101.13,101.09,101.12,232,101.11,135,,1.00423106,
20230718  11:46:00,101.13,101.16,101.1,101.11,229,101.122,131,,1.00435024,
20230718  11:47:00,101.12,101.17,101.11,101.16,111,101.141,69,,1.00453895,
20230718  11:48:00,101.17,101.18,101.12,101.16,310,101.152,205,,1.00464821,
20230718  11:49:00,101.16,101.22,101.14,101.22,230,101.162,143,,1.00474753,
20230718  11:50:00,101.22,101.26,101.2,101.25,250,101.226,153,,1.00538318,
20230718  11:51:00,101.25,101.29,101.23,101.24,254,101.257,139,,1.00569107,
20230718  11:52:00,101.25,101.27,101.22,101.23,354,101.249,174,,1.00561162,
20230718  11:53:00,101.24,101.26,101.21,101.24,263,101.234,176,,1.00546264,
20230718  11:54:00,101.25,101.25,101.21,101.21,212,101.237,145,,1.00549243,
20230718  11:55:00,101.21,101.27,101.18,101.19,284,101.228,149,,1.00540304,
20230718  11:56:00,101.2,101.2,101.1,101.13,227,101.147,171,,1.00459855,
20230718  11:57:00,101.12,101.14,101.1,101.12,570,101.12,309,,1.00433038,
20230718  11:58:00,101.11,101.11,101.04,101.06,276,101.071,179,,1.00384371,
20230718  11:59:00,101.05,101.06,101.01,101.02,371,101.031,243,,1.00344643,
20230718  12:00:00,101.02,101.14,101.01,101.11,488,101.079,364,,1.00392317,
20230718  12:01:00,101.11,101.12,101.06,101.07,351,101.093,254,,1.00406221,
20230718  12:02:00,101.07,101.16,101.03,101.12,717,101.07,428,,1.00383378,
20230718  12:03:00,101.12,101.13,101.1,101.1,281,101.114,167,,1.00427079,
20230718  12:04:00,101.1,101.17,101.08,101.15,626,101.119,388,,1.00432045,
20230718  12:05:00,101.15,101.18,101.12,101.17,529,101.155,302,,1.004678,
20230718  12:06:00,101.16,101.19,101.14,101.17,644,101.169,419,,1.00481705,
20230718  12:07:00,101.17,101.18,101.14,101.16,462,101.162,284,,1.00474753,
20230718  12:08:00,101.16,101.17,101.11,101.12,534,101.146,248,,1.00458861,
20230718  12:09:00,101.11,101.13,101.06,101.11,425,101.099,286,,1.00412181,
20230718  12:10:00,101.1,101.15,101.08,101.15,518,101.115,322,,1.00428072,
20230718  12:11:00,101.15,101.24,101.14,101.23,393,101.193,263,,1.00505542,
20230718  12:12:00,101.23,101.24,101.17,101.18,455,101.204,275,,1.00516467,
20230718  12:13:00,101.19,101.26,101.18,101.26,520,101.222,340,,1.00534345,
20230718  12:14:00,101.26,101.26,101.21,101.23,333,101.241,234,,1.00553216,
20230718  12:15:00,101.23,101.26,101.21,101.23,518,101.232,356,,1.00544277,
20230718  12:16:00,101.23,101.24,101.2,101.21,273,101.221,188,,1.00533352,
20230718  12:17:00,101.21,101.22,101.17,101.18,342,101.19,218,,1.00502562,
20230718  12:18:00,101.18,101.25,101.15,101.23,564,101.198,348,,1.00510508,
20230718  12:19:00,101.23,101.23,101.2,101.22,224,101.213,159,,1.00525406,
20230718  12:20:00,101.21,101.24,101.18,101.19,503,101.213,280,,1.00525406,
20230718  12:21:00,101.19,101.21,101.16,101.18,337,101.183,242,,1.0049561,
20230718  12:22:00,101.19,101.19,101.11,101.12,366,101.14,214,,1.00452902,
20230718  12:23:00,101.13,101.19,101.11,101.18,614,101.134,342,,1.00446943,
20230718  12:24:00,101.17,101.24,101.16,101.23,609,101.196,422,,1.00508522,
20230718  12:25:00,101.24,101.28,101.23,101.25,1052,101.251,233,,1.00563148,
20230718  12:26:00,101.25,101.3,101.24,101.25,612,101.273,393,,1.00584999,
20230718  12:27:00,101.25,101.25,101.22,101.25,536,101.238,302,,1.00550236,
20230718  12:28:00,101.25,101.29,101.23,101.23,393,101.256,273,,1.00568114,
20230718  12:29:00,101.23,101.25,101.18,101.2,669,101.204,291,,1.00516467,
20230718  12:30:00,101.2,101.28,101.2,101.27,743,101.245,488,,1.00557189,
20230718  12:31:00,101.27,101.29,101.24,101.27,772,101.267,476,,1.00579039,
20230718  12:32:00,101.25,101.27,101.25,101.27,140,101.2628665192267,75,,1.00574934,
20230718  12:32:00,101.25,101.27,101.25,101.27,140,101.2628665192267,75,,1.00574934,
20230718  12:32:00,101.25,101.27,101.25,101.27,140,101.2628665192267,75,,1.00574934,
20230718  12:32:00,101.25,101.27,101.25,101.27,140,101.2628665192267,75,,1.00574934,
20230718  12:32:00,101.25,101.27,101.25,101.27,140,101.2628665192267,75,,1.00574934,
20230718  12:32:00,101.25,101.28,101.25,101.27,234,101.265421326731,121,,1.00577471,
20230718  12:32:00,101.25,101.28,101.25,101.27,234,101.265421326731,121,,1.00577471,
20230718  12:32:00,101.25,101.28,101.25,101.28,322,101.2653971556328,165,,1.00577447,
20230718  12:32:00,101.25,101.28,101.25,101.28,322,101.2653971556328,165,,1.00577447,
20230718  12:32:00,101.25,101.28,101.25,101.28,391,101.2677475291774,198,,1.00579782,
20230718  12:32:00,101.25,101.28,101.25,101.28,391,101.2677475291774,198,,1.00579782,
20230718  12:32:00,101.25,101.28,101.25,101.28,391,101.2677475291774,198,,1.00579782,
20230718  12:32:00,101.25,101.28,101.24,101.26,581,101.2675197466917,275,,1.00579556,
20230718  12:32:00,101.25,101.28,101.24,101.26,581,101.2675197466917,275,,1.00579556,
20230718  12:32:00,101.25,101.28,101.24,101.26,581,101.2675197466917,275,,1.00579556,
20230718  12:32:00,101.25,101.28,101.24,101.26,581,101.2675197466917,275,,1.00579556,
20230718  12:32:00,101.25,101.28,101.24,101.26,614,101.2670483270166,297,,1.00579087,
20230718  12:32:00,101.25,101.28,101.24,101.26,614,101.2670483270166,297,,1.00579087,
20230718  12:32:00,101.25,101.28,101.24,101.26,614,101.2670483270166,297,,1.00579087,
20230718  12:32:00,101.25,101.28,101.24,101.26,683,101.2664154446702,325,,1.00578459,
20230718  12:32:00,101.25,101.28,101.24,101.26,683,101.2664154446702,325,,1.00578459,
20230718  12:32:00,101.25,101.28,101.24,101.26,775,101.2664093773762,373,,1.00578453,
20230718  12:32:00,101.25,101.28,101.24,101.26,775,101.2664093773762,373,,1.00578453,
20230718  12:32:00,101.25,101.28,101.24,101.26,775,101.2664093773762,373,,1.00578453,
20230718  12:32:00,101.25,101.28,101.24,101.25,825,101.2657405120007,405,,1.00577788,
20230718  12:32:00,101.25,101.28,101.24,101.25,825,101.2657405120007,405,,1.00577788,
20230718  12:32:00,101.25,101.28,101.24,101.25,845,101.2652877042782,423,,1.00577339,
20230718  12:32:00,101.25,101.28,101.24,101.25,845,101.2652877042782,423,,1.00577339,
20230718  12:32:00,101.25,101.28,101.24,101.25,845,101.2652877042782,423,,1.00577339,
20230718  12:32:00,101.25,101.28,101.24,101.25,845,101.2652877042782,423,,1.00577339,
20230718  12:32:00,101.25,101.28,101.24,101.25,845,101.2652877042782,423,,1.00577339,
20230718  12:32:00,101.25,101.28,101.24,101.28,937,101.26503880928,489,,1.00577092,
20230718  12:32:00,101.25,101.28,101.24,101.28,937,101.26503880928,489,,1.00577092,
20230718  12:32:00,101.25,101.28,101.24,101.28,937,101.26503880928,489,,1.00577092,
20230718  12:32:00,101.25,101.28,101.24,101.28,937,101.26503880928,489,,1.00577092,
20230718  12:32:00,101.25,101.28,101.24,101.28,937,101.26503880928,489,,1.00577092,
20230718  12:32:00,101.25,101.28,101.24,101.28,974,101.2653283442661,506,,1.00577379,
20230718  12:33:00,101.28,101.28,101.28,101.28,-1,101.28,-1,SELL,1.00591951,101.24566561789561
20230718  12:33:00,101.28,101.28,101.27,101.27,13,101.2742307692308,13,,1.00586221,101.24831946404947
20230718  12:33:00,101.28,101.28,101.27,101.27,13,101.2742307692308,13,,1.00586221,101.2496733102033
20230718  12:33:00,101.28,101.28,101.27,101.27,13,101.2742307692308,13,,1.00586221,101.25084382302381
20230718  12:33:00,101.28,101.28,101.27,101.28,26,101.275226923077,24,,1.0058721,101.25173093840844
20230718  12:33:00,101.28,101.28,101.27,101.28,26,101.275226923077,24,,1.0058721,101.25230138712638
20230718  12:33:00,101.28,101.28,101.25,101.26,149,101.2695892976589,64,,1.00581611,101.25292787542071
20230718  12:33:00,101.28,101.28,101.25,101.26,149,101.2695892976589,64,,1.00581611,101.25373769704835
20230718  12:33:00,101.28,101.28,101.25,101.26,149,101.2695892976589,64,,1.00581611,101.25506418534269
20230718  12:33:00,101.28,101.28,101.25,101.26,149,101.2695892976589,64,,1.00581611,101.25625734030366
20230718  12:33:00,101.28,101.28,101.25,101.26,164,101.2688668693009,76,,1.00580894,101.25718845479201
20230718  12:33:00,101.28,101.28,101.25,101.26,164,101.2688668693009,76,,1.00580894,101.25811956928035
20230718  12:33:00,101.28,101.28,101.25,101.26,164,101.2688668693009,76,,1.00580894,101.25955068376871
20230718  12:33:00,101.28,101.28,101.25,101.25,218,101.2663856358646,104,,1.00578429,101.26165711103312
20230718  12:33:00,101.28,101.28,101.25,101.25,218,101.2663856358646,104,,1.00578429,101.26386353829753
20230718  12:33:00,101.28,101.28,101.25,101.26,221,101.266231498195,107,,1.00578276,101.26503406326745
20230718  12:33:00,101.28,101.28,101.25,101.26,221,101.266231498195,107,,1.00578276,101.2652879215707
20230718  12:33:00,101.28,101.28,101.25,101.25,235,101.2656204906205,120,,1.00577669,101.26516492974771
20230718  12:33:00,101.28,101.28,101.25,101.25,235,101.2656204906205,120,BUY,1.00577669,101.26562527125803
20230718  12:33:00,101.28,101.28,101.25,101.25,235,101.2656204906205,120,,1.00577669,101.2657856127684
20230718  12:33:00,101.28,101.28,101.24,101.25,302,101.2622940787297,148,,1.00574365,101.2667571807472
20230718  12:33:00,101.28,101.28,101.24,101.25,302,101.2622940787297,148,,1.00574365,101.2670454153927
20230718  12:33:00,101.28,101.28,101.24,101.25,302,101.2622940787297,148,,1.00574365,101.26696698337153
20230718  12:33:00,101.28,101.28,101.23,101.23,349,101.2593671356669,171,,1.00571458,101.26690866031221
20230718  12:33:00,101.28,101.28,101.23,101.23,349,101.2593671356669,171,,1.00571458,101.26685033725288
20230718  12:33:00,101.28,101.28,101.23,101.23,349,101.2593671356669,171,,1.00571458,101.26679201419354
20230718  12:33:00,101.28,101.28,101.23,101.23,349,101.2593671356669,171,,1.00571458,101.26673369113423
20230718  12:33:00,101.28,101.28,101.22,101.23,376,101.2572640582251,189,,1.0056937,101.26664031678419
20230718  12:33:00,101.28,101.28,101.22,101.23,376,101.2572640582251,189,,1.0056937,101.26650436230908
20230718  12:33:00,101.28,101.28,101.22,101.23,376,101.2572640582251,189,,1.0056937,101.26636840783398
20230718  12:33:00,101.28,101.28,101.22,101.23,376,101.2572640582251,189,,1.0056937,101.26623285621051
20230718  12:33:00,101.28,101.28,101.22,101.22,386,101.2564347150259,197,,1.00568546,101.26608348220039
20230718  12:33:00,101.28,101.28,101.22,101.22,386,101.2564347150259,197,,1.00568546,101.26589493529788
20230718  12:33:00,101.28,101.28,101.22,101.22,386,101.2564347150259,197,,1.00568546,101.26570638839534
20230718  12:33:00,101.28,101.28,101.21,101.22,438,101.2520016412501,230,,1.00564143,101.26544395692989
20230718  12:34:00,101.22,101.22,101.22,101.22,-1,101.22,-1,,1.00532359,101.26465196115171
20230718  12:34:00,101.22,101.22,101.22,101.22,-1,101.22,-1,,1.00532359,101.26385996537351
20230718  12:34:00,101.22,101.22,101.22,101.22,-1,101.22,-1,,1.00532359,101.26306796959534
20230718  12:34:00,101.23,101.23,101.21,101.23,50,101.2201258238466,36,,1.00532484,101.26227807088125
20230718  12:34:00,101.23,101.23,101.21,101.23,50,101.2201258238466,36,,1.00532484,101.26149602916173
20230718  12:34:00,101.23,101.23,101.21,101.23,91,101.2207830002196,62,,1.00533136,101.26072494038179
20230718  12:34:00,101.23,101.23,101.21,101.23,91,101.2207830002196,62,,1.00533136,101.25995385160185
20230718  12:34:00,101.23,101.26,101.21,101.26,289,101.2321071699676,191,,1.00544384,101.25938204702348
20230718  12:34:00,101.23,101.26,101.21,101.26,289,101.2321071699676,191,,1.00544384,101.25881024244511
20230718  12:34:00,101.23,101.26,101.21,101.26,289,101.2321071699676,191,,1.00544384,101.2582385389883
20230718  12:34:00,101.23,101.26,101.21,101.25,299,101.2329374291242,196,,1.00545208,101.25768067318408
20230718  12:34:00,101.23,101.26,101.21,101.25,299,101.2329374291242,196,,1.00545208,101.25712280737989
20230718  12:34:00,101.23,101.26,101.21,101.24,369,101.2359121420452,236,,1.00548163,101.25662566788061
20230718  12:34:00,101.23,101.26,101.21,101.24,369,101.2359121420452,236,,1.00548163,101.25612852838135
20230718  12:34:00,101.23,101.26,101.21,101.23,407,101.2361296896485,260,,1.00548379,101.25564256147085
20230718  12:34:00,101.23,101.26,101.21,101.23,407,101.2361296896485,260,,1.00548379,101.25515659456038
20230718  12:34:00,101.23,101.26,101.21,101.23,407,101.2361296896485,260,,1.00548379,101.25467062764989
20230718  12:34:00,101.23,101.26,101.21,101.23,414,101.2360381867337,266,,1.00548288,101.25418313569081
20230718  12:34:00,101.23,101.26,101.21,101.23,414,101.2360381867337,266,,1.00548288,101.25369564373175
20230718  12:34:00,101.23,101.26,101.21,101.23,414,101.2360381867337,266,,1.00548288,101.25321230002262
20230718  12:34:00,101.23,101.26,101.21,101.23,427,101.2360089402734,272,,1.00548259,101.25272846887252
20230718  12:34:00,101.23,101.26,101.21,101.23,427,101.2360089402734,272,,1.00548259,101.25224463772241
20230718  12:34:00,101.23,101.26,101.21,101.23,427,101.2360089402734,272,,1.00548259,101.2517608065723
20230718  12:34:00,101.23,101.26,101.21,101.23,427,101.2360089402734,272,,1.00548259,101.2512769754222
20230718  12:34:00,101.23,101.26,101.21,101.23,427,101.2360089402734,272,,1.00548259,101.25078831868899
20230718  12:34:00,101.23,101.26,101.21,101.23,450,101.2356941824074,288,,1.00547946,101.25004988839576
20230718  12:34:00,101.23,101.26,101.21,101.23,450,101.2356941824074,288,,1.00547946,101.2494076119487
20230718  12:34:00,101.23,101.26,101.21,101.23,450,101.2356941824074,288,,1.00547946,101.24876533550166
20230718  12:34:00,101.23,101.26,101.21,101.23,450,101.2356941824074,288,,1.00547946,101.24812305905458
20230718  12:34:00,101.23,101.26,101.21,101.23,450,101.2356941824074,288,,1.00547946,101.24746418004342
20230718  12:34:00,101.23,101.26,101.21,101.23,450,101.2356941824074,288,,1.00547946,101.24680530103227
20230718  12:34:00,101.23,101.26,101.21,101.22,465,101.2353894863374,300,,1.00547644,101.2462353041769
20230718  12:34:00,101.23,101.26,101.21,101.22,465,101.2353894863374,300,,1.00547644,101.24566530732154
20230718  12:34:00,101.23,101.26,101.21,101.22,465,101.2353894863374,300,,1.00547644,101.24509531046618
20230718  12:34:00,101.23,101.26,101.21,101.23,474,101.2351925790216,307,,1.00547448,101.24452203182223
20230718  12:34:00,101.23,101.26,101.21,101.23,474,101.2351925790216,307,,1.00547448,101.24396079365091
20230718  12:34:00,101.23,101.26,101.21,101.23,474,101.2351925790216,307,,1.00547448,101.24339955547958
20230718  12:34:00,101.23,101.26,101.2,101.21,527,101.2332089184061,333,,1.00545478,101.24280525629803
20230718  12:35:00,101.2,101.2,101.2,101.2,-1,101.2,-1,,1.00512495,101.24169882903361
20230718  12:35:00,101.2,101.2,101.2,101.2,-1,101.2,-1,,1.00512495,101.2405924017692
20230718  12:35:00,101.2,101.2,101.2,101.2,-1,101.2,-1,,1.00512495,101.23948854346594
20230718  12:35:00,101.2,101.2,101.2,101.2,-1,101.2,-1,,1.00512495,101.23838468516269
20230718  12:35:00,101.2,101.21,101.17,101.2,122,101.1872344591287,67,,1.00499816,101.23707825130448
20230718  12:35:00,101.2,101.21,101.17,101.2,122,101.1872344591287,67,,1.00499816,101.23577181744628
20230718  12:35:00,101.2,101.22,101.17,101.21,160,101.1926463992026,100,,1.00505191,101.23455558258931
20230718  12:35:00,101.2,101.22,101.17,101.21,160,101.1926463992026,100,,1.00505191,101.23339478793054
20230718  12:35:00,101.2,101.22,101.17,101.22,163,101.1930664956952,103,,1.00505608,101.23224099487996
20230718  12:35:00,101.2,101.22,101.17,101.22,163,101.1930664956952,103,,1.00505608,101.2310872018294
20230718  12:35:00,101.2,101.22,101.17,101.22,163,101.1930664956952,103,,1.00505608,101.2299821911632
20230718  12:35:00,101.2,101.22,101.17,101.22,163,101.1930664956952,103,,1.00505608,101.22887718049702
20230718  12:35:00,101.2,101.22,101.17,101.22,174,101.1944086453019,108,,1.00506941,101.22779453899095
20230718  12:35:00,101.2,101.22,101.17,101.22,174,101.1944086453019,108,,1.00506941,101.22671189748486
20230718  12:35:00,101.2,101.22,101.17,101.2,222,101.1977008185662,130,,1.00510211,101.22571917682386
20230718  12:35:00,101.2,101.22,101.17,101.2,222,101.1977008185662,130,,1.00510211,101.22472645616288
20230718  12:35:00,101.2,101.22,101.17,101.19,256,101.1980208617133,149,,1.00510529,101.22373906955436
20230718  12:35:00,101.2,101.22,101.17,101.19,256,101.1980208617133,149,,1.00510529,101.22275168294581
20230718  12:35:00,101.2,101.22,101.17,101.19,256,101.1980208617133,149,,1.00510529,101.22177811872395
20230718  12:35:00,101.2,101.22,101.17,101.19,256,101.1980208617133,149,,1.00510529,101.22080455450208
20230718  12:35:00,101.2,101.22,101.17,101.19,256,101.1980208617133,149,,1.00510529,101.21983099028019
20230718  12:35:00,101.2,101.22,101.17,101.19,256,101.1980208617133,149,,1.00510529,101.21893131062124
20230718  12:35:00,101.2,101.22,101.17,101.2,350,101.1979040173476,189,,1.00510413,101.2185630442437
20230718  12:35:00,101.2,101.22,101.17,101.2,350,101.1979040173476,189,,1.00510413,101.21819477786615
20230718  12:35:00,101.2,101.22,101.17,101.2,382,101.1976501988696,204,,1.00510161,101.21782228118063
20230718  12:35:00,101.2,101.22,101.17,101.2,382,101.1976501988696,204,,1.00510161,101.21744768743102
20230718  12:35:00,101.2,101.22,101.17,101.2,382,101.1976501988696,204,,1.00510161,101.21707309368139
20230718  12:35:00,101.2,101.22,101.17,101.19,391,101.197500703127,209,,1.00510012,101.21668505539652
20230718  12:35:00,101.2,101.22,101.17,101.19,391,101.197500703127,209,,1.00510012,101.21629701711166
20230718  12:35:00,101.2,101.22,101.17,101.19,391,101.197500703127,209,,1.00510012,101.2157202426643
20230718  12:35:00,101.2,101.22,101.17,101.2,443,101.1972303108282,219,,1.00509744,101.21513896167865
20230718  12:35:00,101.2,101.22,101.17,101.2,443,101.1972303108282,219,,1.00509744,101.21455768069299
20230718  12:35:00,101.2,101.22,101.17,101.19,510,101.1962735950762,264,,1.00508793,101.2139466167922
20230718  12:35:00,101.2,101.22,101.17,101.19,510,101.1962735950762,264,,1.00508793,101.2133355528914
20230718  12:35:00,101.2,101.22,101.17,101.19,510,101.1962735950762,264,,1.00508793,101.21267491044192
20230718  12:35:00,101.2,101.22,101.17,101.19,510,101.1962735950762,264,,1.00508793,101.21201426799247
20230718  12:35:00,101.2,101.22,101.17,101.19,510,101.1962735950762,264,,1.00508793,101.2113499997496
20230718  12:35:00,101.2,101.22,101.17,101.19,571,101.195373204821,296,,1.00507899,101.21067072500247
20230718  12:36:00,101.19,101.19,101.19,101.19,-1,101.19,-1,,1.00502562,101.20990189684166
20230718  12:36:00,101.19,101.19,101.19,101.19,-1,101.19,-1,,1.00502562,101.20913459372942
20230718  12:36:00,101.18,101.19,101.17,101.19,79,101.1798728760227,59,,1.00492504,101.20819850521755
20230718  12:36:00,101.18,101.19,101.17,101.19,79,101.1798728760227,59,,1.00492504,101.20726241670569
20230718  12:36:00,101.18,101.19,101.17,101.19,79,101.1798728760227,59,,1.00492504,101.20632681563485
20230718  12:36:00,101.18,101.19,101.17,101.19,123,101.1807714819934,90,,1.00493397,101.20540619133018
20230718  12:36:00,101.18,101.19,101.17,101.19,123,101.1807714819934,90,,1.00493397,101.20448556702553
20230718  12:36:00,101.18,101.19,101.17,101.19,123,101.1807714819934,90,,1.00493397,101.20356494272086
20230718  12:36:00,101.18,101.19,101.17,101.19,134,101.1812305051862,101,,1.00493853,101.20265196880275
20230718  12:36:00,101.18,101.19,101.17,101.19,134,101.1812305051862,101,,1.00493853,101.20174424084907
20230718  12:36:00,101.18,101.19,101.17,101.19,134,101.1812305051862,101,,1.00493853,101.20083651289538
20230718  12:36:00,101.18,101.19,101.17,101.19,134,101.1812305051862,101,,1.00493853,101.19992878494169
20230718  12:36:00,101.18,101.19,101.17,101.19,142,101.1812956345036,107,,1.00493917,101.19902214247664
20230718  12:36:00,101.18,101.19,101.17,101.19,142,101.1812956345036,107,,1.00493917,101.19811550001155
20230718  12:36:00,101.18,101.19,101.17,101.19,142,101.1812956345036,107,,1.00493917,101.1972088575465
20230718  12:36:00,101.18,101.19,101.17,101.19,142,101.1812956345036,107,,1.00493917,101.19630729334929
20230718  12:36:00,101.18,101.19,101.17,101.19,239,101.1813377660687,154,,1.00493959,101.1954064313448
20230718  12:36:00,101.18,101.19,101.17,101.19,239,101.1813377660687,154,,1.00493959,101.19450556934031
20230718  12:36:00,101.18,101.19,101.17,101.19,239,101.1813377660687,154,,1.00493959,101.1936079891244
20230718  12:36:00,101.18,101.19,101.17,101.18,258,101.1809394547842,167,,1.00493563,101.19270377038714
20230718  12:36:00,101.18,101.19,101.17,101.18,258,101.1809394547842,167,,1.00493563,101.19179955164985
20230718  12:36:00,101.18,101.19,101.17,101.17,272,101.180590115745,175,,1.00493217,101.19092257160551
20230718  12:36:00,101.18,101.19,101.17,101.17,272,101.180590115745,175,,1.00493217,101.19059907353461
20230718  12:36:00,101.18,101.19,101.17,101.17,272,101.180590115745,175,,1.00493217,101.19027557546367
20230718  12:36:00,101.18,101.19,101.16,101.17,352,101.1784141119083,224,,1.00491055,101.18991581066214
20230718  12:36:00,101.18,101.19,101.16,101.17,352,101.1784141119083,224,,1.00491055,101.1895560458606
20230718  12:36:00,101.18,101.19,101.16,101.17,352,101.1784141119083,224,,1.00491055,101.18940904007358
20230718  12:36:00,101.18,101.19,101.16,101.17,352,101.1784141119083,224,,1.00491055,101.18926203428659
20230718  12:36:00,101.18,101.19,101.16,101.17,352,101.1784141119083,224,,1.00491055,101.18902482949834
20230718  12:36:00,101.18,101.19,101.16,101.16,387,101.1769044240939,246,,1.00489556,101.18876246324653
20230718  12:36:00,101.18,101.19,101.16,101.16,387,101.1769044240939,246,,1.00489556,101.18849309538649
20230718  12:36:00,101.18,101.19,101.16,101.16,387,101.1769044240939,246,,1.00489556,101.18822372752648
20230718  12:36:00,101.18,101.19,101.16,101.16,387,101.1769044240939,246,,1.00489556,101.18795435966646
20230718  12:36:00,101.18,101.19,101.16,101.19,604,101.1752462434633,341,,1.00487909,101.18765735546259
20230718  12:36:00,101.18,101.19,101.16,101.19,604,101.1752462434633,341,,1.00487909,101.18733798209863
20230718  12:36:00,101.18,101.19,101.16,101.18,654,101.1757626756262,377,,1.00488422,101.18702721593738
20230718  12:36:00,101.18,101.19,101.16,101.18,654,101.1757626756262,377,,1.00488422,101.18666158022171
20230718  12:36:00,101.18,101.19,101.16,101.18,654,101.1757626756262,377,,1.00488422,101.18629594450604
20230718  12:36:00,101.18,101.19,101.16,101.18,654,101.1757626756262,377,,1.00488422,101.18592497473792
20230718  12:36:00,101.18,101.19,101.16,101.18,654,101.1757626756262,377,,1.00488422,101.1855540049698
20230718  12:36:00,101.18,101.19,101.16,101.18,654,101.1757626756262,377,,1.00488422,101.18518303520167
20230718  12:36:00,101.18,101.19,101.16,101.17,732,101.1759630221349,436,,1.00488621,101.18481540454204
20230718  12:37:00,101.17,101.17,101.17,101.17,-1,101.17,-1,,1.00482698,101.18434839018015
20230718  12:37:00,101.17,101.17,101.17,101.17,-1,101.17,-1,,1.00482698,101.18388137581827
20230718  12:37:00,101.17,101.17,101.15,101.16,40,101.1606147037128,36,,1.00473377,101.1832598872577
20230718  12:37:00,101.17,101.17,101.15,101.16,40,101.1606147037128,36,,1.00473377,101.18263839869711
20230718  12:37:00,101.17,101.17,101.15,101.16,40,101.1606147037128,36,,1.00473377,101.18202114044449
20230718  12:37:00,101.17,101.17,101.15,101.17,164,101.1605168430013,64,,1.0047328,101.18140225118003
20230718  12:37:00,101.17,101.17,101.15,101.17,164,101.1605168430013,64,,1.0047328,101.18078336191556
20230718  12:37:00,101.17,101.17,101.15,101.17,164,101.1605168430013,64,,1.0047328,101.1801669642468
20230718  12:37:00,101.17,101.17,101.15,101.16,174,101.1609148084619,74,,1.00473675,101.17955719933572
20230718  12:37:00,101.17,101.17,101.15,101.16,174,101.1609148084619,74,,1.00473675,101.17894743442463
20230718  12:37:00,101.17,101.17,101.15,101.16,174,101.1609148084619,74,,1.00473675,101.17834217605186
20230718  12:37:00,101.17,101.17,101.15,101.16,213,101.1607488533183,102,,1.0047351,101.17773415176
20230718  12:37:00,101.17,101.17,101.15,101.16,213,101.1607488533183,102,,1.0047351,101.17714207273072
20230718  12:37:00,101.17,101.17,101.15,101.16,213,101.1607488533183,102,,1.0047351,101.17654999370143
20230718  12:37:00,101.17,101.17,101.15,101.16,213,101.1607488533183,102,,1.0047351,101.17595791467213
20230718  12:37:00,101.17,101.17,101.13,101.13,251,101.158237918808,129,,1.00471016,101.17532398673431
20230718  12:37:00,101.17,101.17,101.13,101.13,251,101.158237918808,129,,1.00471016,101.17469005879651
20230718  12:37:00,101.17,101.17,101.13,101.13,251,101.158237918808,129,,1.00471016,101.17407113736294
20230718  12:37:00,101.17,101.17,101.13,101.13,251,101.158237918808,129,,1.00471016,101.17354176934307
20230718  12:37:00,101.17,101.17,101.13,101.14,272,101.1560666007253,142,,1.0046886,101.17297621268851
20230718  12:37:00,101.17,101.17,101.13,101.14,272,101.1560666007253,142,,1.0046886,101.17257944143356
20230718  12:37:00,101.17,101.17,101.13,101.14,272,101.1560666007253,142,,1.0046886,101.17218267017861
20230718  12:37:00,101.17,101.17,101.13,101.14,272,101.1560666007253,142,,1.0046886,101.17178589892366
20230718  12:37:00,101.17,101.17,101.13,101.14,272,101.1560666007253,142,,1.0046886,101.17137415090252
20230718  12:37:00,101.17,101.17,101.11,101.13,335,101.1499919549477,179,,1.00462826,101.1708611587851
20230718  12:37:00,101.17,101.17,101.11,101.13,335,101.1499919549477,179,,1.00462826,101.17034816666768
20230718  12:37:00,101.17,101.17,101.11,101.13,355,101.1486537757888,195,,1.00461497,101.16980522117773
20230718  12:37:00,101.17,101.17,101.11,101.13,355,101.1486537757888,195,,1.00461497,101.16926227568777
20230718  12:37:00,101.17,101.17,101.11,101.13,355,101.1486537757888,195,,1.00461497,101.16871933019782
20230718  12:37:00,101.17,101.17,101.11,101.13,441,101.144842017111,244,,1.00457711,101.16811285539656
20230718  12:37:00,101.17,101.17,101.11,101.13,441,101.144842017111,244,,1.00457711,101.16750529510668
20230718  12:37:00,101.17,101.17,101.11,101.13,441,101.144842017111,244,,1.00457711,101.16689773481679
20230718  12:37:00,101.17,101.17,101.11,101.13,441,101.144842017111,244,,1.00457711,101.1662901745269
20230718  12:37:00,101.17,101.17,101.11,101.13,441,101.144842017111,244,,1.00457711,101.16568261423703
20230718  12:37:00,101.17,101.17,101.11,101.14,454,101.144648652214,248,,1.00457519,101.16507112900611
20230718  12:37:00,101.17,101.17,101.11,101.14,454,101.144648652214,248,,1.00457519,101.1644596437752
20230718  12:37:00,101.17,101.17,101.11,101.14,454,101.144648652214,248,,1.00457519,101.16384815854427
20230718  12:37:00,101.17,101.17,101.11,101.14,454,101.144648652214,248,,1.00457519,101.16324331183478
20230718  12:37:00,101.17,101.17,101.11,101.12,520,101.1418263576616,280,,1.00454716,101.16259142688273
20230718  12:37:00,101.17,101.17,101.11,101.12,520,101.1418263576616,280,,1.00454716,101.161945364248
20230718  12:37:00,101.17,101.17,101.11,101.12,520,101.1418263576616,280,,1.00454716,101.16129930161328
20230718  12:37:00,101.17,101.17,101.11,101.12,520,101.1418263576616,280,,1.00454716,101.16065323897857
20230718  12:37:00,101.17,101.17,101.11,101.12,520,101.1418263576616,280,,1.00454716,101.16004344307447
20230718  12:37:00,101.17,101.17,101.1,101.1,574,101.1388449229484,295,,1.00451755,101.15938395659178
20230718  12:38:00,101.1,101.1,101.1,101.1,-1,101.1,-1,,1.00413174,101.15807705472666
20230718  12:38:00,101.1,101.1,101.1,101.1,-1,101.1,-1,,1.00413174,101.15677015286153
20230718  12:38:00,101.1,101.1,101.1,101.1,-1,101.1,-1,,1.00413174,101.1554632509964
20230718  12:38:00,101.1,101.11,101.1,101.11,39,101.1015769230769,3,,1.0041474,101.15420779264612
20230718  12:38:00,101.1,101.11,101.1,101.11,39,101.1015769230769,3,,1.0041474,101.15295233429585
20230718  12:38:00,101.1,101.11,101.07,101.09,137,101.0969299715806,63,,1.00410125,101.15161942675394
20230718  12:38:00,101.1,101.11,101.07,101.09,137,101.0969299715806,63,,1.00410125,101.15028651921206
20230718  12:38:00,101.1,101.11,101.07,101.09,137,101.0969299715806,63,,1.00410125,101.148981248014
20230718  12:38:00,101.1,101.11,101.07,101.09,137,101.0969299715806,63,,1.00410125,101.14767597681596
20230718  12:38:00,101.1,101.11,101.07,101.09,137,101.0969299715806,63,,1.00410125,101.1463620984152
20230718  12:38:00,101.1,101.13,101.07,101.12,290,101.1050037884006,149,,1.00418144,101.14518278362812
20230718  12:38:00,101.1,101.13,101.07,101.12,290,101.1050037884006,149,,1.00418144,101.144003468841
20230718  12:38:00,101.1,101.13,101.07,101.13,320,101.1064154944952,165,,1.00419546,101.14284768248882
20230718  12:38:00,101.1,101.13,101.07,101.13,320,101.1064154944952,165,,1.00419546,101.14169189613663
20230718  12:38:00,101.1,101.13,101.07,101.13,330,101.1070334320779,171,,1.0042016,101.14054640874416
20230718  12:38:00,101.1,101.13,101.07,101.13,330,101.1070334320779,171,,1.0042016,101.1393975822432
20230718  12:38:00,101.1,101.13,101.07,101.13,330,101.1070334320779,171,,1.0042016,101.1383481394445
20230718  12:38:00,101.1,101.13,101.07,101.13,340,101.107604600669,180,,1.00420727,101.13730821612232
20230718  12:38:00,101.1,101.13,101.07,101.13,340,101.107604600669,180,,1.00420727,101.13642471440492
20230718  12:38:00,101.1,101.13,101.07,101.13,340,101.107604600669,180,,1.00420727,101.13554121268754
20230718  12:38:00,101.1,101.13,101.07,101.13,340,101.107604600669,180,,1.00420727,101.13465771097016
20230718  12:38:00,101.1,101.13,101.07,101.12,379,101.108815103481,203,,1.00421929,101.13379601531148
20230718  12:38:00,101.1,101.13,101.07,101.12,379,101.108815103481,203,,1.00421929,101.1329343196528
20230718  12:38:00,101.1,101.13,101.07,101.12,379,101.108815103481,203,,1.00421929,101.13207262399413
20230718  12:38:00,101.1,101.13,101.07,101.12,379,101.108815103481,203,,1.00421929,101.13120429557777
20230718  12:38:00,101.1,101.13,101.07,101.12,394,101.1089354045767,214,,1.00422049,101.13033797217969
20230718  12:38:00,101.1,101.13,101.07,101.12,394,101.1089354045767,214,,1.00422049,101.12947164878162
20230718  12:38:00,101.1,101.13,101.07,101.11,425,101.1088719719932,240,,1.00421986,101.12860703409287
20230718  12:38:00,101.1,101.13,101.07,101.11,425,101.1088719719932,240,,1.00421986,101.12774241940409
20230718  12:38:00,101.1,101.13,101.07,101.11,425,101.1088719719932,240,,1.00421986,101.12687780471533
20230718  12:38:00,101.1,101.13,101.07,101.11,425,101.1088719719932,240,,1.00421986,101.12601319002657
20230718  12:38:00,101.1,101.13,101.07,101.12,430,101.1089315157568,244,,1.00422045,101.1251914166424
20230718  12:38:00,101.1,101.13,101.07,101.12,430,101.1089315157568,244,,1.00422045,101.12436964325822
20230718  12:38:00,101.1,101.13,101.07,101.11,449,101.1089566920373,258,,1.0042207,101.1235482894787
20230718  12:38:00,101.1,101.13,101.07,101.11,449,101.1089566920373,258,,1.0042207,101.1227269356992
20230718  12:38:00,101.1,101.13,101.07,101.11,449,101.1089566920373,258,,1.0042207,101.1219417705544
20230718  12:38:00,101.1,101.13,101.07,101.11,449,101.1089566920373,258,,1.0042207,101.12115660540961
20230718  12:38:00,101.1,101.13,101.07,101.11,449,101.1089566920373,258,,1.0042207,101.1203714402648
20230718  12:38:00,101.1,101.13,101.07,101.1,500,101.108136669529,287,,1.00421255,101.1195726080782
20230718  12:39:00,101.1,101.1,101.1,101.1,-1,101.1,-1,,1.00413174,101.11863816473279
20230718  12:39:00,101.1,101.1,101.1,101.1,-1,101.1,-1,,1.00413174,101.11780496548364
20230718  12:39:00,101.1,101.1,101.1,101.1,-1,101.1,-1,,1.00413174,101.11697176623453
20230718  12:39:00,101.1,101.1,101.1,101.1,-1,101.1,-1,,1.00413174,101.11616086997141
20230718  12:39:00,101.11,101.11,101.1,101.11,21,101.1019853947969,17,,1.00415146,101.11538306362152
20230718  12:39:00,101.11,101.11,101.1,101.11,21,101.1019853947969,17,,1.00415146,101.11460525727166
20230718  12:39:00,101.11,101.12,101.1,101.12,206,101.1103121516165,94,,1.00423416,101.11402975951341
20230718  12:39:00,101.11,101.12,101.1,101.12,206,101.1103121516165,94,,1.00423416,101.11345426175515
20230718  12:39:00,101.11,101.12,101.1,101.12,206,101.1103121516165,94,,1.00423416,101.1128787639969
20230718  12:39:00,101.11,101.12,101.1,101.12,212,101.1104914479574,98,,1.00423594,101.11230625451101
20230718  12:39:00,101.11,101.12,101.1,101.12,212,101.1104914479574,98,,1.00423594,101.1117337450251
20230718  12:39:00,101.11,101.12,101.1,101.11,250,101.110781855209,117,,1.00423882,101.11116929840838
20230718  12:39:00,101.11,101.12,101.1,101.11,250,101.110781855209,117,SELL,1.00423882,101.11060485179162
20230718  12:39:00,101.11,101.12,101.1,101.12,264,101.1109213661636,125,,1.00424021,101.11004273035746
20230718  12:39:00,101.11,101.12,101.1,101.12,264,101.1109213661636,125,,1.00424021,101.1094806089233
20230718  12:39:00,101.11,101.12,101.1,101.12,264,101.1109213661636,125,,1.00424021,101.10896552573168
20230718  12:39:00,101.11,101.12,101.1,101.12,264,101.1109213661636,125,,1.00424021,101.10845044254005
20230718  12:39:00,101.11,101.19,101.1,101.19,447,101.1200836614173,235,,1.00433121,101.1080880642693
20230718  12:39:00,101.11,101.19,101.1,101.19,447,101.1200836614173,235,,1.00433121,101.10772568599853
20230718  12:39:00,101.11,101.19,101.1,101.19,447,101.1200836614173,235,,1.00433121,101.1073633077278
20230718  12:39:00,101.11,101.19,101.1,101.19,447,101.1200836614173,235,,1.00433121,101.1070506200356
20230718  12:39:00,101.11,101.19,101.1,101.18,488,101.1251429976235,256,,1.00438146,101.107469669996
20230718  12:39:00,101.11,101.19,101.1,101.18,488,101.1251429976235,256,,1.00438146,101.1078887199564
20230718  12:39:00,101.11,101.19,101.1,101.18,492,101.1255685605137,260,,1.00438569,101.10831486263163
20230718  12:39:00,101.11,101.19,101.1,101.18,492,101.1255685605137,260,,1.00438569,101.10871472325559
20230718  12:39:00,101.11,101.19,101.1,101.18,492,101.1255685605137,260,,1.00438569,101.10911458387953
20230718  12:39:00,101.11,101.19,101.1,101.18,492,101.1255685605137,260,,1.00438569,101.10959189369508
20230718  12:39:00,101.11,101.19,101.1,101.17,631,101.1358072384573,344,,1.00448738,101.11023984814302
20230718  12:39:00,101.11,101.19,101.1,101.17,631,101.1358072384573,344,,1.00448738,101.11088780259097
20230718  12:39:00,101.11,101.19,101.1,101.17,631,101.1358072384573,344,,1.00448738,101.11153575703891
20230718  12:39:00,101.11,101.19,101.1,101.18,655,101.1372394331823,351,,1.0045016,101.11220758139893
20230718  12:39:00,101.11,101.19,101.1,101.18,655,101.1372394331823,351,,1.0045016,101.11274484214529
20230718  12:39:00,101.11,101.19,101.1,101.18,655,101.1372394331823,351,,1.0045016,101.11328210289165
20230718  12:39:00,101.11,101.19,101.1,101.19,865,101.1470530161152,429,,1.00459907,101.11395939491864
20230718  12:39:00,101.11,101.19,101.1,101.19,865,101.1470530161152,429,,1.00459907,101.11463668694564
20230718  12:39:00,101.11,101.19,101.1,101.19,865,101.1470530161152,429,,1.00459907,101.11530368001293
20230718  12:39:00,101.11,101.19,101.1,101.19,865,101.1470530161152,429,,1.00459907,101.11597067308023
20230718  12:39:00,101.11,101.21,101.1,101.2,893,101.1485220312412,449,,1.00461366,101.11666214973296
20230718  12:40:00,101.21,101.21,101.21,101.21,-1,101.21,-1,,1.00522427,101.11836873972182
20230718  12:40:00,101.2,101.21,101.2,101.2,7,101.2056527415144,7,,1.00518109,101.12000287540258
20230718  12:40:00,101.2,101.21,101.2,101.2,7,101.2056527415144,7,,1.00518109,101.12163701108332
20230718  12:40:00,101.2,101.21,101.2,101.2,7,101.2056527415144,7,,1.00518109,101.12327114676408
20230718  12:40:00,101.2,101.21,101.2,101.2,47,101.201224789916,27,,1.00513711,101.12481130820466
20230718  12:40:00,101.2,101.21,101.2,101.2,47,101.201224789916,27,,1.00513711,101.12635146964524
20230718  12:40:00,101.2,101.21,101.2,101.2,47,101.201224789916,27,,1.00513711,101.12789163108582
20230718  12:40:00,101.2,101.21,101.2,101.2,47,101.201224789916,27,,1.00513711,101.12943179252639
20230718  12:40:00,101.2,101.21,101.2,101.2,47,101.201224789916,27,,1.00513711,101.1309699489487
20230718  12:40:00,101.2,101.21,101.19,101.2,57,101.2006649305556,33,,1.00513155,101.1324987743817
20230718  12:40:00,101.2,101.21,101.19,101.2,57,101.2006649305556,33,,1.00513155,101.13402865702443
20230718  12:40:00,101.2,101.21,101.19,101.2,72,101.2002520661157,41,,1.00512745,101.13555165859312
20230718  12:40:00,101.2,101.21,101.19,101.2,72,101.2002520661157,41,,1.00512745,101.13707466016184
20230718  12:40:00,101.2,101.21,101.19,101.2,72,101.2002520661157,41,,1.00512745,101.13859766173053
20230718  12:40:00,101.2,101.22,101.19,101.22,211,101.2047681056853,137,,1.0051723,101.14019493822934
20230718  12:40:00,101.2,101.22,101.19,101.22,211,101.2047681056853,137,,1.0051723,101.14179221472816
20230718  12:40:00,101.2,101.22,101.19,101.22,211,101.2047681056853,137,,1.0051723,101.14338907162231
20230718  12:40:00,101.2,101.22,101.19,101.22,286,101.2077961432507,177,,1.00520238,101.1450363958092
20230718  12:40:00,101.2,101.22,101.19,101.22,286,101.2077961432507,177,,1.00520238,101.14668371999609
20230718  12:40:00,101.2,101.22,101.19,101.22,286,101.2077961432507,177,,1.00520238,101.14833104418297
20230718  12:40:00,101.2,101.22,101.19,101.22,286,101.2077961432507,177,,1.00520238,101.14997836836984
20230718  12:40:00,101.2,101.22,101.19,101.22,304,101.2082216097385,185,,1.0052066,101.15164645070668
20230718  12:40:00,101.2,101.22,101.19,101.22,304,101.2082216097385,185,,1.0052066,101.15345014420232
20230718  12:40:00,101.2,101.22,101.19,101.22,304,101.2082216097385,185,,1.0052066,101.15525383769797
20230718  12:40:00,101.2,101.22,101.19,101.22,304,101.2082216097385,185,,1.0052066,101.15705753119362
20230718  12:40:00,101.2,101.22,101.19,101.21,371,101.2083787132046,219,,1.00520816,101.15886384308034
20230718  12:40:00,101.2,101.22,101.19,101.21,371,101.2083787132046,219,,1.00520816,101.1606370650538
20230718  12:40:00,101.2,101.22,101.19,101.21,371,101.2083787132046,219,,1.00520816,101.16241028702726
20230718  12:40:00,101.2,101.22,101.19,101.21,396,101.2083200464201,228,,1.00520758,101.16404375194065
20230718  12:40:00,101.2,101.22,101.19,101.21,396,101.2083200464201,228,,1.00520758,101.16567721685405
20230718  12:40:00,101.2,101.22,101.19,101.2,409,101.2082195026626,234,,1.00520658,101.16730900603815
20230718  12:40:00,101.2,101.22,101.19,101.2,409,101.2082195026626,234,,1.00520658,101.16893780694993
20230718  12:40:00,101.2,101.22,101.19,101.2,414,101.2081923698753,239,,1.00520631,101.17056615564856
20230718  12:40:00,101.2,101.22,101.19,101.2,414,101.2081923698753,239,,1.00520631,101.17218966422631
20230718  12:40:00,101.2,101.22,101.19,101.2,418,101.208149900815,243,,1.00520589,101.17381246498641
20230718  12:41:00,101.2,101.2,101.2,101.2,-1,101.2,-1,,1.00512495,101.1752971088837
20230718  12:41:00,101.2,101.2,101.2,101.2,-1,101.2,-1,,1.00512495,101.17678175278095
20230718  12:41:00,101.2,101.21,101.19,101.2,160,101.1998847998007,75,,1.0051238,101.17826447667493
20230718  12:41:00,101.2,101.21,101.19,101.2,160,101.1998847998007,75,,1.0051238,101.17974720056888
20230718  12:41:00,101.2,101.21,101.19,101.2,160,101.1998847998007,75,,1.0051238,101.18107721954196
20230718  12:41:00,101.2,101.21,101.19,101.2,181,101.1996131655585,89,,1.0051211,101.18240271127765
20230718  12:41:00,101.2,101.21,101.19,101.2,181,101.1996131655585,89,,1.0051211,101.18372820301333
20230718  12:41:00,101.2,101.21,101.19,101.2,185,101.1995329877982,92,,1.00512031,101.18505235845299
20230718  12:41:00,101.2,101.21,101.19,101.2,185,101.1995329877982,92,,1.00512031,101.18629219162258
20230718  12:41:00,101.2,101.21,101.18,101.19,237,101.1972577449946,115,,1.00509771,101.18749410407874
20230718  12:41:00,101.2,101.21,101.18,101.19,237,101.1972577449946,115,,1.00509771,101.1886889238201
20230718  12:41:00,101.2,101.21,101.18,101.18,258,101.1958768396591,126,,1.00508399,101.1898607284725
20230718  12:41:00,101.2,101.21,101.18,101.18,258,101.1958768396591,126,,1.00508399,101.19103253312493
20230718  12:41:00,101.2,101.21,101.17,101.18,307,101.1928351755526,163,,1.00505378,101.19215364337558
20230718  12:41:00,101.2,101.21,101.17,101.18,307,101.1928351755526,163,BUY,1.00505378,101.19310410899384
20230718  12:41:00,101.2,101.21,101.17,101.18,307,101.1928351755526,163,,1.00505378,101.19405457461208
20230718  12:41:00,101.2,101.21,101.16,101.17,341,101.1905866330834,190,,1.00503145,101.19496756452253
20230718  12:41:00,101.2,101.21,101.16,101.17,341,101.1905866330834,190,,1.00503145,101.19585668452088
20230718  12:41:00,101.2,101.21,101.16,101.17,341,101.1905866330834,190,,1.00503145,101.19674580451924
20230718  12:41:00,101.2,101.21,101.16,101.16,345,101.1902897166507,194,,1.0050285,101.19762997591039
20230718  12:41:00,101.2,101.21,101.16,101.16,345,101.1902897166507,194,,1.0050285,101.19835058758599
20230718  12:41:00,101.2,101.21,101.16,101.16,345,101.1902897166507,194,,1.0050285,101.19907119926158
20230718  12:41:00,101.2,101.21,101.16,101.16,345,101.1902897166507,194,,1.0050285,101.19979181093717
20230718  12:41:00,101.2,101.21,101.16,101.16,345,101.1902897166507,194,,1.0050285,101.20051242261276
20230718  12:41:00,101.2,101.21,101.15,101.16,401,101.1860320151598,232,,1.00498621,101.2011375890114
20230718  12:41:00,101.2,101.21,101.15,101.16,401,101.1860320151598,232,,1.00498621,101.2007381225974
20230718  12:41:00,101.2,101.21,101.15,101.16,401,101.1860320151598,232,,1.00498621,101.20041111049149
20230718  12:41:00,101.2,101.21,101.15,101.16,401,101.1860320151598,232,,1.00498621,101.20008409838557
20230718  12:41:00,101.2,101.21,101.15,101.17,412,101.1853443258972,241,,1.00497938,101.19974562479193
20230718  12:41:00,101.2,101.21,101.15,101.17,412,101.1853443258972,241,,1.00497938,101.19948095039163
20230718  12:41:00,101.2,101.21,101.15,101.17,412,101.1853443258972,241,,1.00497938,101.1992162759913
20230718  12:41:00,101.2,101.21,101.15,101.17,412,101.1853443258972,241,,1.00497938,101.19895160159098
20230718  12:41:00,101.2,101.21,101.15,101.16,472,101.1821370523999,285,,1.00494753,101.19863347263238
20230718  12:41:00,101.2,101.21,101.15,101.16,472,101.1821370523999,285,,1.00494753,101.1983153436738
20230718  12:41:00,101.2,101.21,101.15,101.16,472,101.1821370523999,285,,1.00494753,101.19800654570456
20230718  12:41:00,101.2,101.21,101.15,101.16,472,101.1821370523999,285,,1.00494753,101.1976977477353
20230718  12:41:00,101.2,101.21,101.15,101.16,507,101.1806236834334,297,,1.0049325,101.19737060802393
20230718  12:42:00,101.16,101.16,101.16,101.16,-1,101.16,-1,,1.00472766,101.19669974025533
20230718  12:42:00,101.16,101.16,101.16,101.16,-1,101.16,-1,,1.00472766,101.19602887248672
20230718  12:42:00,101.16,101.16,101.16,101.16,-1,101.16,-1,,1.00472766,101.19528273739196
20230718  12:42:00,101.16,101.16,101.16,101.16,-1,101.16,-1,,1.00472766,101.19453660229719
20230718  12:42:00,101.17,101.17,101.15,101.15,61,101.157975708502,36,,1.00470756,101.19375672901081
20230718  12:42:00,101.17,101.17,101.15,101.15,61,101.157975708502,36,,1.00470756,101.19292638843167
20230718  12:42:00,101.17,101.17,101.15,101.15,61,101.157975708502,36,,1.00470756,101.19209604785253
20230718  12:42:00,101.17,101.17,101.15,101.15,61,101.157975708502,36,,1.00470756,101.19126570727336
20230718  12:42:00,101.17,101.17,101.11,101.12,113,101.1413878627968,67,,1.00454281,101.19015890259915
20230718  12:42:00,101.17,101.17,101.11,101.12,113,101.1413878627968,67,,1.00454281,101.18904500681677
20230718  12:42:00,101.17,101.17,101.11,101.12,113,101.1413878627968,67,,1.00454281,101.1879311110344
20230718  12:42:00,101.17,101.17,101.11,101.12,137,101.1375892727007,83,,1.00450508,101.18675390541712
20230718  12:42:00,101.17,101.17,101.11,101.12,137,101.1375892727007,83,,1.00450508,101.18557669979984
20230718  12:42:00,101.17,101.17,101.11,101.16,294,101.1341337685742,139,,1.00447076,101.18433928405601
20230718  12:42:00,101.17,101.17,101.11,101.16,294,101.1341337685742,139,,1.00447076,101.18310186831216
20230718  12:42:00,101.17,101.17,101.11,101.15,296,101.134257827012,141,,1.00447199,101.18186652020897
20230718  12:42:00,101.17,101.17,101.11,101.15,296,101.134257827012,141,,1.00447199,101.1806321498855
20230718  12:42:00,101.17,101.17,101.11,101.14,345,101.1362364283853,177,,1.00449164,101.17943075625158
20230718  12:42:00,101.17,101.17,101.11,101.14,345,101.1362364283853,177,,1.00449164,101.17823103834694
20230718  12:42:00,101.17,101.17,101.11,101.14,386,101.1365338233011,206,,1.0044946,101.17703627702424
20230718  12:42:00,101.17,101.17,101.11,101.14,386,101.1365338233011,206,,1.0044946,101.17584196791466
20230718  12:42:00,101.17,101.17,101.11,101.14,386,101.1365338233011,206,,1.0044946,101.17464765880509
20230718  12:42:00,101.17,101.17,101.11,101.15,436,101.1370202471854,237,,1.00449943,101.17346216457796
20230718  12:42:00,101.17,101.17,101.11,101.15,436,101.1370202471854,237,,1.00449943,101.17241250203102
20230718  12:42:00,101.17,101.17,101.11,101.15,436,101.1370202471854,237,,1.00449943,101.17136283948412
20230718  12:42:00,101.17,101.17,101.11,101.14,450,101.1370883912919,246,,1.0045001,101.17031623267566
20230718  12:42:00,101.17,101.17,101.11,101.14,450,101.1370883912919,246,,1.0045001,101.16926962586719
20230718  12:42:00,101.17,101.17,101.11,101.14,453,101.1370745794847,249,,1.00449997,101.16822278886191
20230718  12:42:00,101.17,101.17,101.11,101.14,453,101.1370745794847,249,,1.00449997,101.16718047909401
20230718  12:42:00,101.17,101.17,101.11,101.14,453,101.1370745794847,249,,1.00449997,101.16613816932612
20230718  12:42:00,101.17,101.17,101.11,101.14,453,101.1370745794847,249,,1.00449997,101.16509719585423
20230718  12:42:00,101.17,101.17,101.11,101.13,492,101.1363889227519,269,,1.00449316,101.16404479477013
20230718  12:42:00,101.17,101.17,101.11,101.13,492,101.1363889227519,269,,1.00449316,101.16303031439942
20230718  12:42:00,101.17,101.17,101.11,101.13,492,101.1363889227519,269,,1.00449316,101.16201583402872
20230718  12:42:00,101.17,101.17,101.11,101.13,548,101.1348607922452,298,,1.00447798,101.16099889990515
20230718  12:43:00,101.13,101.13,101.13,101.13,-1,101.13,-1,,1.0044297,101.1599009525775
20230718  12:43:00,101.12,101.13,101.11,101.12,65,101.1203037704167,27,,1.0043334,101.15869209582522
20230718  12:43:00,101.12,101.13,101.11,101.12,65,101.1203037704167,27,,1.0043334,101.15748323907295
20230718  12:43:00,101.12,101.13,101.11,101.12,65,101.1203037704167,27,,1.0043334,101.15627438232066
20230718  12:43:00,101.12,101.13,101.11,101.12,65,101.1203037704167,27,,1.0043334,101.15510300127622
20230718  12:43:00,101.12,101.13,101.11,101.12,65,101.1203037704167,27,,1.0043334,101.15393162023176
20230718  12:43:00,101.12,101.13,101.11,101.12,65,101.1203037704167,27,,1.0043334,101.15276023918732
20230718  12:43:00,101.12,101.13,101.11,101.12,65,101.1203037704167,27,,1.0043334,101.15159380675007
20230718  12:43:00,101.12,101.17,101.11,101.15,266,101.1365274445111,132,,1.00449453,101.1506977688811
20230718  12:43:00,101.12,101.17,101.11,101.15,266,101.1365274445111,132,,1.00449453,101.14980173101209
20230718  12:43:00,101.12,101.17,101.11,101.15,266,101.1365274445111,132,,1.00449453,101.14890569314312
20230718  12:43:00,101.12,101.17,101.11,101.15,266,101.1365274445111,132,,1.00449453,101.14800965527411
20230718  12:43:00,101.12,101.17,101.11,101.15,266,101.1365274445111,132,,1.00449453,101.14718457909663
20230718  12:43:00,101.12,101.17,101.11,101.15,266,101.1365274445111,132,,1.00449453,101.14635950291917
20230718  12:43:00,101.12,101.18,101.11,101.16,328,101.1419068904701,164,,1.00454796,101.14562408417434
20230718  12:43:00,101.12,101.18,101.11,101.16,328,101.1419068904701,164,,1.00454796,101.14488866542952
20230718  12:43:00,101.12,101.18,101.11,101.16,328,101.1419068904701,164,,1.00454796,101.1441647081724
20230718  12:43:00,101.12,101.18,101.11,101.15,332,101.1420411534995,168,,1.00454929,101.14344298863243
20230718  12:43:00,101.12,101.18,101.11,101.15,332,101.1420411534995,168,,1.00454929,101.14272126909245
20230718  12:43:00,101.12,101.18,101.11,101.15,334,101.1420768540669,169,SELL,1.00454965,101.14200014456196
20230718  12:43:00,101.12,101.18,101.11,101.15,334,101.1420768540669,169,,1.00454965,101.14133247458973
20230718  12:43:00,101.12,101.18,101.11,101.15,334,101.1420768540669,169,,1.00454965,101.14066480461751
20230718  12:43:00,101.12,101.18,101.11,101.14,404,101.1420972681914,209,,1.00454985,101.1399974748807
20230718  12:43:00,101.12,101.18,101.11,101.14,404,101.1420972681914,209,,1.00454985,101.13933014514393
20230718  12:43:00,101.12,101.18,101.11,101.14,404,101.1420972681914,209,,1.00454985,101.13868803822321
20230718  12:43:00,101.12,101.18,101.11,101.14,404,101.1420972681914,209,,1.00454985,101.13838965935976
20230718  12:43:00,101.12,101.18,101.11,101.12,443,101.1409407100378,238,,1.00453836,101.13807200452705
20230718  12:43:00,101.12,101.18,101.11,101.12,443,101.1409407100378,238,,1.00453836,101.13775434969436
20230718  12:43:00,101.12,101.18,101.11,101.13,454,101.1405804534448,246,,1.00453479,101.13743069058509
20230718  12:43:00,101.12,101.18,101.11,101.13,454,101.1405804534448,246,,1.00453479,101.13714076966748
20230718  12:43:00,101.12,101.18,101.11,101.13,454,101.1405804534448,246,,1.00453479,101.13685084874986
20230718  12:43:00,101.12,101.18,101.11,101.15,553,101.139871451817,322,,1.00452774,101.13654911113845
20230718  12:43:00,101.12,101.18,101.11,101.15,553,101.139871451817,322,,1.00452774,101.13624737352703
20230718  12:43:00,101.12,101.18,101.11,101.14,632,101.1410329944824,377,,1.00453928,101.13624145905511
20230718  12:43:00,101.12,101.18,101.11,101.14,632,101.1410329944824,377,,1.00453928,101.13623554458319
20230718  12:43:00,101.12,101.18,101.11,101.14,632,101.1410329944824,377,,1.00453928,101.13622963011127
20230718  12:43:00,101.12,101.18,101.11,101.14,632,101.1410329944824,377,,1.00453928,101.1362870254743
20230718  12:43:00,101.12,101.18,101.11,101.14,632,101.1410329944824,377,,1.00453928,101.13634442083732
20230718  12:43:00,101.12,101.18,101.11,101.15,704,101.1422883220485,440,,1.00455175,101.1364803300619
20230718  12:43:00,101.12,101.18,101.11,101.15,704,101.1422883220485,440,,1.00455175,101.13661623928648
20230718  12:43:00,101.12,101.18,101.11,101.14,741,101.1421848286276,461,,1.00455072,101.13674835598007
20230718  12:44:00,101.14,101.14,101.14,101.14,-1,101.14,-1,,1.00452902,101.13684405886322
20230718  12:44:00,101.14,101.14,101.14,101.14,-1,101.14,-1,,1.00452902,101.13690678505682
20230718  12:44:00,101.14,101.14,101.14,101.14,-1,101.14,-1,,1.00452902,101.13696951125038
20230718  12:44:00,101.14,101.14,101.13,101.14,57,101.1354556564246,12,BUY,1.00448389,101.13695154180247
20230718  12:44:00,101.14,101.14,101.13,101.14,57,101.1354556564246,12,,1.00448389,101.13693357235451
20230718  12:44:00,101.14,101.14,101.13,101.14,57,101.1354556564246,12,,1.00448389,101.13691560290657
20230718  12:44:00,101.14,101.14,101.13,101.14,57,101.1354556564246,12,,1.00448389,101.13688952639389
20230718  12:44:00,101.14,101.15,101.13,101.15,147,101.139139041421,69,SELL,1.00452047,101.13692483963113
20230718  12:44:00,101.14,101.15,101.13,101.15,147,101.139139041421,69,,1.00452047,101.13696015286838
20230718  12:44:00,101.14,101.15,101.13,101.13,182,101.1391171793607,91,,1.00452025,101.13699396600286
20230718  12:44:00,101.14,101.15,101.13,101.13,182,101.1391171793607,91,,1.00452025,101.13702777913734
20230718  12:44:00,101.14,101.15,101.13,101.13,182,101.1391171793607,91,,1.00452025,101.1370618224686
20230718  12:44:00,101.14,101.15,101.13,101.14,222,101.1390329403295,111,,1.00451942,101.13709446181602
20230718  12:44:00,101.14,101.15,101.13,101.14,222,101.1390329403295,111,,1.00451942,101.13712710116343
20230718  12:44:00,101.14,101.15,101.13,101.15,252,101.1391709865064,132,,1.00452079,101.13716204128045
20230718  12:44:00,101.14,101.15,101.13,101.15,252,101.1391709865064,132,,1.00452079,101.13720840900972
20230718  12:44:00,101.14,101.15,101.13,101.15,252,101.1391709865064,132,,1.00452079,101.13725477673896
20230718  12:44:00,101.14,101.15,101.13,101.15,252,101.1391709865064,132,,1.00452079,101.13730114446821
20230718  12:44:00,101.14,101.15,101.13,101.13,271,101.1389884456875,145,,1.00451897,101.13736993869223
20230718  12:44:00,101.14,101.15,101.13,101.13,271,101.1389884456875,145,,1.00451897,101.13751974612038
20230718  12:44:00,101.14,101.15,101.13,101.13,271,101.1389884456875,145,,1.00451897,101.13783115737488
20230718  12:44:00,101.14,101.15,101.13,101.13,271,101.1389884456875,145,,1.00451897,101.13814256862939
20230718  12:44:00,101.14,101.15,101.11,101.14,349,101.1369363615535,187,BUY,1.00449859,101.13841977848166
20230718  12:44:00,101.14,101.15,101.11,101.14,349,101.1369363615535,187,,1.00449859,101.13869698833393
20230718  12:44:00,101.14,101.15,101.11,101.14,377,101.1371547473891,201,,1.00450076,101.13897783795014
20230718  12:44:00,101.14,101.15,101.11,101.14,377,101.1371547473891,201,,1.00450076,101.13925868756635
20230718  12:44:00,101.14,101.15,101.11,101.14,377,101.1371547473891,201,,1.00450076,101.13953953718256
20230718  12:44:00,101.14,101.15,101.11,101.15,419,101.1374247945695,228,,1.00450344,101.13955449301689
20230718  12:44:00,101.14,101.15,101.11,101.15,419,101.1374247945695,228,,1.00450344,101.13956944885119
20230718  12:44:00,101.14,101.15,101.11,101.15,419,101.1374247945695,228,,1.00450344,101.1395844046855
20230718  12:44:00,101.14,101.15,101.11,101.14,423,101.1374571907697,230,,1.00450377,101.13959990045647
20230718  12:44:00,101.14,101.15,101.11,101.14,423,101.1374571907697,230,,1.00450377,101.13961539622746
20230718  12:44:00,101.14,101.15,101.11,101.14,548,101.1381778741865,289,,1.00451092,101.1396429033887
20230718  12:44:00,101.14,101.15,101.11,101.14,548,101.1381778741865,289,,1.00451092,101.1395807531173
20230718  12:44:00,101.14,101.15,101.11,101.14,548,101.1381778741865,289,,1.00451092,101.13951860284591
20230718  12:44:00,101.14,101.15,101.11,101.14,548,101.1381778741865,289,,1.00451092,101.13945645257449
20230718  12:44:00,101.14,101.15,101.11,101.11,581,101.13733536386,313,,1.00450256,101.13937802274718
20230718  12:45:00,101.11,101.11,101.11,101.11,-1,101.11,-1,,1.00423106,101.13884400352218
20230718  12:45:00,101.11,101.11,101.11,101.11,-1,101.11,-1,,1.00423106,101.13830938928774
20230718  12:45:00,101.11,101.11,101.11,101.11,-1,101.11,-1,,1.00423106,101.13777477505329
20230718  12:45:00,101.11,101.11,101.11,101.11,-1,101.11,-1,,1.00423106,101.13724016081885
20230718  12:45:00,101.12,101.12,101.08,101.09,165,101.093435304095,86,,1.00406654,101.1364291280839
20230718  12:45:00,101.12,101.12,101.08,101.09,165,101.093435304095,86,,1.00406654,101.13561809534897
20230718  12:45:00,101.12,101.12,101.08,101.09,165,101.093435304095,86,,1.00406654,101.13480706261402
20230718  12:45:00,101.12,101.12,101.08,101.09,165,101.093435304095,86,,1.00406654,101.13399602987907
20230718  12:45:00,101.12,101.12,101.08,101.09,179,101.0933646112601,95,,1.00406584,101.13320309489946
20230718  12:45:00,101.12,101.12,101.08,101.09,179,101.0933646112601,95,,1.00406584,101.13241015991983
20230718  12:45:00,101.12,101.12,101.08,101.09,179,101.0933646112601,95,,1.00406584,101.13162322921674
20230718  12:45:00,101.12,101.12,101.08,101.09,261,101.093324269465,118,,1.00406544,101.13083562615041
20230718  12:45:00,101.12,101.12,101.08,101.09,261,101.093324269465,118,,1.00406544,101.13004802308409
20230718  12:45:00,101.12,101.12,101.08,101.09,261,101.093324269465,118,,1.00406544,101.12927223671156
20230718  12:45:00,101.12,101.14,101.08,101.14,407,101.1000679921453,171,,1.00413241,101.12860884571701
20230718  12:45:00,101.12,101.14,101.08,101.14,407,101.1000679921453,171,,1.00413241,101.12792609567808
20230718  12:45:00,101.12,101.14,101.08,101.14,407,101.1000679921453,171,,1.00413241,101.12724334563912
20230718  12:45:00,101.12,101.14,101.08,101.14,407,101.1000679921453,171,,1.00413241,101.1265605956002
20230718  12:45:00,101.12,101.14,101.08,101.11,453,101.102028649627,203,,1.00415189,101.12591052318592
20230718  12:45:00,101.12,101.14,101.08,101.11,453,101.102028649627,203,,1.00415189,101.12526045077168
20230718  12:45:00,101.12,101.14,101.08,101.11,453,101.102028649627,203,,1.00415189,101.1245894562313
20230718  12:45:00,101.12,101.14,101.08,101.11,453,101.102028649627,203,,1.00415189,101.12391846169095
20230718  12:45:00,101.12,101.14,101.08,101.11,453,101.102028649627,203,,1.00415189,101.12324919204094
20230718  12:45:00,101.12,101.14,101.08,101.11,453,101.102028649627,203,,1.00415189,101.1226163362014
20230718  12:45:00,101.12,101.14,101.08,101.11,453,101.102028649627,203,,1.00415189,101.12198348036185
20230718  12:45:00,101.12,101.14,101.07,101.09,552,101.0985559056829,251,,1.0041174,101.12129274545654
20230718  12:45:00,101.12,101.14,101.07,101.09,552,101.0985559056829,251,,1.0041174,101.12067774961086
20230718  12:45:00,101.12,101.14,101.07,101.09,586,101.097579471271,273,,1.0041077,101.1200464798583
20230718  12:45:00,101.12,101.14,101.07,101.09,586,101.097579471271,273,,1.0041077,101.11941521010574
20230718  12:45:00,101.12,101.14,101.07,101.09,586,101.097579471271,273,,1.0041077,101.1187839403532
